-9.458323297530768,0.0,0.0,-55.33722852553905
-9.458194075223009,2.9912111162249352e-05,0.0007084038202265219,-55.337215892464805
-9.4581940764566,2.991170227207237e-05,0.0007083970922394656,-55.337215892539625
-9.458064855406407,5.9823402192041816e-05,0.0014167941867526679,-55.33720325954186
-9.458064856640036,5.982299330190549e-05,0.0014167874587656115,-55.33720325961683
-9.336576043134986,0.028127923679227583,0.6675001865187369,-55.32530537758666
-9.336573510094812,0.028128770885222816,0.6675139998287705,-55.325305226085234
-9.216198943914355,0.05583237860141697,1.3276371711299362,-55.31347504765559
-9.216193903167701,0.05583406467833319,1.3276646622193766,-55.313474746145154
-9.096920731900715,0.08317737242232184,1.9818959565986916,-55.30171151249065
-9.096915739954078,0.08317904230221077,1.9819231841415785,-55.30171121387491
-8.687571647175064,0.1761827941925436,4.228387341695452,-55.26101635337392
-8.687547818636036,0.17619076634573896,4.228517353365078,-55.2610149273527
-8.755831000674728,0.1607667829893265,3.8536566126936123,-55.26783807269793
-8.75581427830743,0.16077237761300567,3.853747846922033,-55.26783707203433
-8.423692904773677,0.2354273708012922,5.677515297254558,-55.23450940070266
-8.423713467976821,0.23542048664158793,5.67740307866643,-55.23451063068196
-8.100372690588273,0.3072015684005153,7.45416139570807,-55.20171769526498
-8.100375405058331,0.307200657891653,7.454146578891141,-55.20171785726709
-7.785564633984671,0.3761895125655609,9.185224216246297,-55.169444844868586
-7.785567284088155,0.3761886235200876,9.185209746783585,-55.16944500307032
-7.180625507804467,0.5060862682832817,12.515141511125876,-55.10640490950974
-7.1806377102791386,0.5060821735438784,12.51507484948661,-55.106405638308665
-6.607189660336094,0.6256670451572077,15.676183008004045,-55.04528979031401
-6.607181255768396,0.6256698690141123,15.676228945294497,-55.04528928882567
-6.063561383326167,0.7354865300986098,18.677339841422054,-54.985998846833986
-6.063552842640278,0.7354894005511603,18.677386547938113,-54.98599833707266
-5.548195157940564,0.8360507656392784,21.5268027136176,-54.92844019296527
-5.5481932952880975,0.8360513929998757,21.526812904703547,-54.92844008204612
-5.059630275305056,0.9278388932055398,24.23231741250902,-54.872526825473315
-5.059628449849569,0.9278395079798734,24.23232740554795,-54.872526716692306
-4.008812071872174,1.1116286216518123,30.067219473298792,-54.74709474657472
-4.008788810347362,1.111636458167247,30.06734697319189,-54.74709335946717
-3.081950194936931,1.2548739471574013,35.234936232241125,-54.62931094223567
-3.081940152231633,1.2548773206261423,35.23499135342945,-54.629310340508745
-2.2644637794992595,1.3623958325187704,39.81305045516365,-54.51830028848123
-2.264523146797048,1.3623757953344615,39.81272426696705,-54.518303824315765
-2.4242450603850725,1.3429910453816547,38.91654507308431,-54.54060777409588
-2.4242742226747884,1.342981203493424,38.91638488365743,-54.54060951098705
-1.8291475453753947,1.410690300369061,42.2602320512442,-54.45579282167563
-1.8291383927256646,1.4106933869064968,42.260282377860676,-54.4557922758171
-1.2906532892204932,1.4599671309864082,45.2980407526411,-54.37450410318899
-1.2906607654807347,1.459964606388213,45.297999606329995,-54.37450454830898
-0.8035249556984198,1.4925643346963589,48.05792203002056,-54.296425167644614
-0.8035268053544959,1.4925637098624613,48.05791184064219,-54.29642527771423
-0.3629297271787649,1.5100931518186334,50.565711285617,-54.22126362995081
-0.36293156625567496,1.510092530065769,50.56570114520582,-54.22126373925879
0.03547675348992476,1.5140039019058684,52.84465335811092,-54.14875626663785
0.035474723545305654,1.5140032166551844,52.8446421538888,-54.148756387517686
0.600350174313477,1.4948233923016563,56.0986220147538,-54.036524227713535
0.6003423004253016,1.4948207341056976,56.0985784890363,-54.03652469629438
1.0797252042640224,1.44833605334879,58.88724633357015,-53.92972573473019
1.0797164141461344,1.4483330889955635,58.887197667329474,-53.92972625822256
1.4860665611593593,1.378718727415553,61.27749519780082,-53.82760270425465
1.4860888619913029,1.3787262578948187,61.277618842450465,-53.827601379776695
1.8301018234432294,1.2895694912432902,63.32711872587652,-53.72950220050593
1.8301124051869844,1.2895730653975428,63.327177481403396,-53.729501572951506
2.120881624651496,1.1839252818633967,65.08490648980114,-53.634872811780475
2.1208845343639373,1.1839262653586502,65.08492266926851,-53.63487263960064
2.3661662468437323,1.064390575689115,66.59276784787153,-53.54324155509208
2.3661697311062193,1.0643917497674353,66.59278725336435,-53.54324134829487
2.572597754849889,0.9331942499080704,67.88663627273763,-53.45420349384568
2.572599078935938,0.9331946972756754,67.88664365689556,-53.454203415665
2.8097831703984872,0.7306228876200047,69.41471493360041,-53.331619195742256
2.8097894674166186,0.7306250076974188,69.41475012874207,-53.33161882288204
2.993397181835065,0.5128387830311956,70.64569184946322,-53.21275268409519
2.9934154333472094,0.5128449226490096,70.64579407146311,-53.21275160451385
3.134213546360684,0.2834462914509061,71.63820933066063,-53.09694693505658
3.1342265929554016,0.28345067607192037,71.63828255161434,-53.09694616413719
3.2408193336322255,0.04531153814868954,72.43911539074134,-52.98367819554018
3.240830025883685,0.04531512714280131,72.43917552196535,-52.98367756417325
3.320105389573738,-0.19927233544337644,73.08609843827298,-52.872526153559534
3.320114374512981,-0.19926932336535064,73.08614907129368,-52.87252562336002
3.377588903526953,-0.44847625846983674,73.60940899854768,-52.76315418615024
3.3775948807422433,-0.448474256400222,73.60944274985513,-52.76315383389172
3.4176818040847974,-0.7008444817246412,74.0332980043695,-52.65529293885804
3.4176871673772298,-0.7008426872732805,74.03332835001265,-52.65529262308328
3.4463917390873693,-0.9873561693678033,74.41573620565578,-52.535383915924825
3.4463979969819243,-0.9873540776764433,74.4157716922723,-52.53538354801482
3.4615054429099854,-1.275117063399887,74.71876782693698,-52.416873305253446
3.46151416795534,-1.275114149648594,74.7188174138364,-52.4168727931266
3.4661344039041797,-1.563124349117478,74.95964373493962,-52.29957016236696
3.4661398694960965,-1.5631225257042198,74.95967486614518,-52.299569842020546
3.462686305204467,-1.8506121488866627,75.15175532248122,-52.18332612958618
3.4626910945823752,-1.850610552399291,75.15178266180101,-52.18332584934835
3.4530421943371974,-2.1369916647602896,75.30560287341359,-52.068024702131716
3.453046051555129,-2.1369903800576253,75.30562493957405,-52.06802447681972
3.4386628431416946,-2.4218151411120505,75.42937164924979,-51.95357473513399
3.43866534718805,-2.4218143078534986,75.42938600530078,-51.95357458909365
3.420681795276584,-2.7047444022885236,75.52943973747233,-51.83990479611904
3.420684144408509,-2.7047436211023714,75.52945323423728,-51.83990465937399
3.3999823201427346,-2.9855248750243293,75.61080039167337,-51.726958513945085
3.39998401406632,-2.9855243121665023,75.6108101447785,-51.72695841550737
3.3772482751967536,-3.2639683920075657,75.6773397032066,-51.61469149125987
3.3772495428352713,-3.2639679711175837,75.67734701738573,-51.61469141772168
3.3530106494536787,-3.5399375049008013,75.73209319181842,-51.50306850114351
3.353011755275282,-3.539937137967436,75.73209958575262,-51.50306843711528
3.3236498342294176,-3.8557809627087507,75.78378542658811,-51.374784699389295
3.3236511198781105,-3.855780536481128,75.78379287833059,-51.3747846250931
3.2933102781086894,-4.1680855824232665,75.82568422929853,-51.247290107604975
3.2933117829006204,-4.168085083969093,75.82569297223017,-51.24729002081495
3.2623557109001067,-4.476789017772922,75.85992592165667,-51.120557644188644
3.2623532742438015,-4.476789824556825,75.85991173093362,-51.12055778436236
3.231046465108412,-4.781862378535129,75.88806254507745,-50.99456638715893
3.231043120512061,-4.781863485037375,75.88804302034532,-50.99456657918778
3.1995804492350652,-5.083296568744138,75.9112943077912,-50.869299163299104
3.199578196408886,-5.083297313428704,75.91128112540218,-50.869299292400335
3.1681054992404865,-5.381098143938494,75.93053762132513,-50.744741804152405
3.16810349631662,-5.381098805605585,75.93052587383454,-50.74474191867979
3.130663439198142,-5.731900674871585,75.94922374987846,-50.596951735188284
3.1306608274520937,-5.731901536905079,75.94920838896769,-50.59695188417439
3.0934872153013395,-6.077602108052978,75.96404086686789,-50.450140153256775
3.093483637159411,-6.077603288034702,75.96401976408515,-50.45014035688999
3.0566613454357836,-6.418263450112639,75.97559078489212,-50.30429300761938
3.0566592741763117,-6.41826413255949,75.97557853578792,-50.30429312522771
3.0202468354661027,-6.753951527971274,75.98433919777563,-50.159397721600634
3.020245262912107,-6.753952045668416,75.98432987267643,-50.15939781068622
2.984280572734998,-7.084739207731978,75.99061018689099,-50.015443210329835
2.984279260166736,-7.084739639532254,75.99060238253969,-50.01544328450247
2.9487851222538684,-7.41070219426945,75.99464271538864,-49.87241931162579
2.948784423079955,-7.410702424040124,75.99463854703117,-49.87241935106257
2.904127529999706,-7.820393013241406,75.996830694246,-49.690969287703915
2.904126403545232,-7.8203933833773664,75.99682395597938,-49.6909693509384
2.8602708950377536,-8.222490846868112,75.99593511245757,-49.511005061654714
2.8602706638435897,-8.222490926271762,75.99593372745403,-49.511005073254346
2.8172141208506187,-8.617156835341184,75.99215738083785,-49.33250884473702
2.817216476535661,-8.617156070039067,75.99217157189514,-49.33250871047289
2.7749539101551597,-9.004548346514165,75.98568052332666,-49.15546321851362
2.7749555353135924,-9.0045478212815,75.98569034746106,-49.15546312526972
2.733475912617735,-9.384822017372898,75.97661546160452,-48.97985162513892
2.7334766134664883,-9.384821794879313,75.97661971487014,-48.97985158355846
2.6858511941150827,-9.82153053113395,75.96283216349775,-48.77589372401323
2.685851935363492,-9.821530196247338,75.96283660535846,-48.7758937183349
2.6392554207750103,-10.24891562973567,75.94578622079325,-48.5738562648851
2.639254544536818,-10.24891542413485,75.9457805086754,-48.57385650276743
2.5936597446025296,-10.667209372973224,75.92559071857522,-48.373714370474225
2.593658357389615,-10.66720924915785,75.92558179436992,-48.37371467054821
2.549036752128354,-11.076637084389697,75.9023577149037,-48.175443200769834
2.5490360390512463,-11.076636759152128,75.90235292273064,-48.17544345788511
2.4952419355890947,-11.570273729510513,75.86964733238801,-47.93317025865824
2.4952414322806735,-11.570273195577133,75.86964371816066,-47.9331705612518
2.442840532000394,-12.051120210700875,75.83265528033053,-47.69366771937691
2.442841323942602,-12.051120490999201,75.83266058166828,-47.69366746186924
2.391786588389928,-12.519560447261298,75.79156922061202,-47.45689011462432
2.3917874193201634,-12.519560420673136,75.79157457415704,-47.45688997156779
2.342034613403284,-12.975959978813277,75.74655633216253,-47.22279464172068
2.3420343726261845,-12.975960087402122,75.74655484595951,-47.22279464211085
2.2935387513086343,-13.420672775601933,75.69776320217443,-46.99133885553117
2.2935387943801473,-13.420672791163092,75.69776349359017,-46.99133884090708
2.242160825310017,-13.891578931680534,75.6405740283958,-46.74249852735481
2.2421612952729997,-13.891578815841399,75.64057702212722,-46.742498486894746
2.1921698394028106,-14.349478300456887,75.57929077366225,-46.49667959405877
2.192169772532355,-14.349478364019337,75.57929037820031,-46.49667957982688
2.1435154884969467,-14.794775822268933,75.51408677742074,-46.253830392520555
2.143515308613525,-14.794775918753901,75.51408565717338,-46.25383038565792
2.0961504370618704,-15.227860303566931,75.44513211931189,-46.013900282760666
2.09615067426305,-15.227860263710848,75.44513366259707,-46.01390025435631
2.0500305817078828,-15.649105095374898,75.3725966183174,-45.77683959584253
2.0500306536119655,-15.649105107096366,75.37259710410353,-45.77683957685488
2.016764569480137,-15.952626549789935,75.31685548279256,-45.60368622105302
2.016764478120364,-15.952626533777675,75.3168548626195,-45.60368624514403
1.9841364943036668,-16.25003435499118,75.2593085159333,-45.432050183619666
1.984136393259578,-16.250034106216408,75.25930767212913,-45.43205030979353
1.9521304137575202,-16.541463836428193,75.20001526673241,-45.26191271654257
1.9521303052240653,-16.54146354014402,75.20001433968673,-45.261912865390755
1.9207307921929562,-16.827047023203693,75.13903303319012,-45.093255151851814
1.920730677920554,-16.827046738069395,75.13903207394151,-45.09325529774818
1.8503025001536133,-17.466293830677994,74.99172192624656,-44.708480569221265
1.8503015789789432,-17.466291938898063,74.9917144402184,-44.70848158031181
1.7828660777680396,-18.076418309553436,74.8363051051524,-44.331316263886045
1.782865608474888,-18.076419820753443,74.83630289402981,-44.33131567592475
1.7182548582294728,-18.658854940843064,74.6733798901937,-43.961544786155386
1.7182577345002403,-18.658855624848705,74.6734000338256,-43.96154390764421
1.656321357376797,-19.214939214945563,74.50354639611078,-43.59896009366462
1.656322937960142,-19.214939043211828,74.50355717659022,-43.598959856319645
1.5969250415178684,-19.7459265088779,74.32734256526828,-43.24336403992711
1.5969213166073362,-19.74592801289027,74.32731768944222,-43.24336407926557
1.5399241456196107,-20.25300537472513,74.14520003997723,-42.89456409786398
1.5399235159903588,-20.25300586676148,74.14519595444972,-42.894563989597685
1.4851939721115934,-20.73729155664699,73.95757126937724,-42.552374504072624
1.4852011232734845,-20.737289549274532,73.95762016860317,-42.552374013847526
1.4851977463569328,-20.73729062207313,73.95759715325312,-42.552374184536966
1.4326447768396737,-21.19982824889447,73.76506204067255,-42.21661451407434
1.4326334800546432,-21.19983209296252,73.76498473802712,-42.216614954883006
1.4326387916167431,-21.1998304009524,73.76502115366975,-42.2166146907763
1.4133907694041048,-21.368466134106455,73.69129057783766,-42.091894459994094
1.4133927804966262,-21.368465492204155,73.69130439550418,-42.091894360725256
1.3944363687230727,-21.53421200766961,73.61698532449736,-41.96805077961226
1.3944343060684539,-21.534212570206837,73.61697106291558,-41.96805092711909
1.3757564272190708,-21.697121944121985,73.54203035740511,-41.84507551280703
1.3757567081064703,-21.697121748789893,73.5420322319942,-41.84507555022247
1.3573524622119044,-21.85724250365487,73.46649158725995,-41.72295950477386
1.3573528867500133,-21.85724226495828,73.46649446135189,-41.7229595342206
1.3398640928947072,-22.009025214642033,73.39312051876504,-41.606027805331706
1.339863945094977,-22.009025169790313,73.39311943927896,-41.60602785741887
1.3226210811304322,-22.158301715026326,73.31922739193033,-41.48987919149464
1.3226210055295193,-22.15830165348395,73.31922681575634,-41.489879237117336
1.3056195025891426,-22.305112819594296,73.24483142419695,-41.37450605763983
1.3056195194096225,-22.305112729832647,73.24483149109483,-41.374506098312054
1.2888552111227811,-22.449498619286725,73.16994922774711,-41.259900909674805
1.2888551924105782,-22.44949854245416,73.16994904824242,-41.259900951433
1.243566955493528,-22.837581367257254,72.95984630259,-40.946005185894634
1.2435665031809626,-22.83758056851929,72.95984257872078,-40.94600567755786
1.1999856904865482,-23.20811426660081,72.74642386631058,-40.637807251282574
1.1999852694011512,-23.208114926360135,72.74642119891269,-40.63780700411683
1.1580296520132167,-23.561866370624564,72.52996600420829,-40.33515637686697
1.1580308054521569,-23.561866767385077,72.52997461561563,-40.335155930253606
1.1176253206320312,-23.899561546585108,72.31076030559962,-40.03790842749251
1.117626275381143,-23.899561402685226,72.3107671985531,-40.03790829794154
1.078702888517167,-24.221884982622996,72.08907136914831,-39.74592461950964
1.078701234958255,-24.221885655390608,72.08905960273341,-39.74592461866855
1.0565248195909744,-24.404122058610508,71.95791492048329,-39.57699417651353
1.0565243158063373,-24.404122174099548,71.95791127516941,-39.57699422289869
1.0348191009021461,-24.581418799700216,71.82601936712899,-39.409803011588366
1.0348199408128136,-24.581418181214143,71.82602522654179,-39.409803156556485
1.0135759140167337,-24.753896478019524,71.6934478768826,-39.2443251377148
1.0135757393621065,-24.753896118618286,71.69344638700522,-39.24432536429508
0.9927812440085685,-24.92167469439947,71.56022902055383,-39.08053501009119
0.9927806625528389,-24.92167447521204,71.56022458542111,-39.080535250793645
0.9806181246104926,-25.01930253157469,71.480684102346,-38.98388813341547
0.9806181012467041,-25.019302443211412,71.4806838807317,-38.98388818534311
0.9686074833837417,-25.115331991856642,71.40093507587153,-38.88782431291239
0.9686075645836955,-25.11533193167778,71.40093564795734,-38.88782432747471
0.9567469553869529,-25.209786197773106,71.32098986896608,-38.79233849884029
0.9567469004953162,-25.209786167953947,71.32098944356585,-38.79233852659747
0.9450338975878626,-25.30268804820044,71.24085390584924,-38.697425671845515
0.9450338724923659,-25.302688009800633,71.24085369782733,-38.69742569783348
0.9106671803955043,-25.57301113363717,70.99873064734993,-38.41532352884854
0.9106674147034596,-25.573010395001628,70.99873201426362,-38.41532387712123
0.8775560304422917,-25.830078186025805,70.7551553473536,-38.13822795061544
0.8775572770566293,-25.830078149383414,70.75516472276149,-38.13822769634597
0.8456453741584894,-26.07445242116762,70.51032339892572,-37.86600827022592
0.8456467795270125,-26.074452539533056,70.51033409779848,-37.86600789381057
0.8148841796084176,-26.306666222498148,70.26442356859434,-37.59853929293271
0.8148832895436301,-26.30666661885962,70.26441700108307,-37.59853926760831
0.7852202315121215,-26.527225879708055,70.01760229370575,-37.33570059841336
0.785218666011027,-26.527226483280653,70.01759064120279,-37.33570060643012
0.7699701704867197,-26.639236399590015,69.88684241422106,-37.198637475698845
0.7699704209935666,-26.639236299816645,69.8868442813,-37.19863747572884
0.7550072346619253,-26.748195892216277,69.75589435721304,-37.06281753663513
0.7550077340018982,-26.7481955499737,69.755898017047,-37.06281761827326
0.7403255317706009,-26.854170674105813,69.62478324170661,-36.92822424932193
0.7403250806726651,-26.85417059804344,69.6247797361275,-36.92822439333919
0.7259169489895875,-26.95722635652065,69.4935154716336,-36.79484133103475
0.7259166816615712,-26.95722622813215,69.49351334885023,-36.794841464044104
0.711233819825681,-27.061247221456586,69.35702587642481,-36.65756093377096
0.7112339957583793,-27.06124693567407,69.3570270952523,-36.65756105746655
0.6968332134664305,-27.16225572679703,69.22041737733934,-36.52155135530182
0.6968332393210037,-27.1622554821182,69.22041745862998,-36.521551489858425
0.6827083289128398,-27.26031925904222,69.083707570544,-36.38679524478512
0.6827081730303712,-27.26031907852598,69.08370627447994,-36.386795384059354
0.668852587774517,-27.355503456264984,68.94691358298815,-36.25327553818981
0.668852528476971,-27.355503251112804,68.94691302379215,-36.25327567034063
0.6347255677594721,-27.585442035874127,68.59813014930069,-35.918556307937166
0.6347257691785415,-27.58543997598848,68.59813075300053,-35.91855746622613
0.6022117734111496,-27.798101938659954,68.24921495872331,-35.59148883190603
0.6022120839666473,-27.798103052918307,68.2492179080441,-35.59148809501551
0.5712202823643091,-27.99443569608994,67.90042201395863,-35.271810962106315
0.5712218635273332,-27.99443679536873,67.90043499387366,-35.27180993107611
0.5416684202152803,-28.175327543463965,67.55199367350542,-34.959276164265404
0.5416707473286806,-28.175327166877732,67.552011972316,-34.95927584281557
0.5134810606686787,-28.341604553894562,67.20416490282787,-34.65364916555219
0.5134804021609695,-28.341605094143112,67.20415988195555,-34.65364898583164
0.5013545774080512,-28.411118094429582,67.04959492572243,-34.51978208112308
0.5013535742280483,-28.411118395348755,67.04958703607872,-34.51978213273419
0.4894748147614649,-28.477958382893853,66.8951748813447,-34.38721893687331
0.4894757264984777,-28.477957878120073,66.8951819678091,-34.38721903144699
0.4778396728371626,-28.542188121794048,66.74095007076176,-34.25594050117822
0.47784008430269975,-28.54218773905872,66.74095321000095,-34.255940639528156
0.466442714624689,-28.603869854847,66.58692978996442,-34.1259279929453
0.46644204467183087,-28.60386981606876,66.5869243826046,-34.1259281757781
0.4595251258746623,-28.640687857270166,66.49198579223594,-34.04632338254484
0.45952501078524677,-28.6406878281358,66.49198485258012,-34.04632342793102
0.45269452500608565,-28.676572846229217,66.39712585406642,-33.96718947209453
0.4526947164458367,-28.676572760379546,66.39712736216325,-33.96718947987116
0.4459501155803793,-28.711538265750516,66.30235667955048,-33.88852208778843
0.445950065646118,-28.711538247500567,66.30235626851118,-33.8885221110486
0.43929005323187453,-28.745597708232168,66.20767640914664,-33.810317125230775
0.4392899992044871,-28.745597691781448,66.20767596527912,-33.81031714839249
0.4283098216459314,-28.800705999857627,66.04914277965236,-33.68022314298964
0.4283098847626307,-28.80070582924781,66.04914322029344,-33.68022323479963
0.41755823971477446,-28.85336552074438,65.89088466578914,-33.55139833471383
0.417558259166001,-28.853365257087102,65.89088471505193,-33.551398495956114
0.4070298278809139,-28.903635550262653,65.73291417596693,-33.423823989937304
0.4070297483046361,-28.903635327366594,65.7329134371139,-33.42382414990851
0.3967191624572544,-28.951574020770853,65.57524210339352,-33.29748160281821
0.3967191028035596,-28.95157379780972,65.57524152638507,-33.297481758624826
0.3717612619746051,-29.062015751046196,65.18081271234223,-32.985619759956656
0.3717613213118921,-29.062013661392374,65.18081236733224,-32.98562108362979
0.3480671596827805,-29.158957330109903,64.78850133093601,-32.681134347832604
0.3480673891548982,-29.158958531688107,64.78850368300982,-32.68113350781339
0.32556299841347264,-29.24320056584689,64.39843941715026,-32.383755316484425
0.32556561892463787,-29.243201401580304,64.39846141978023,-32.38375411706972
0.3041818030756841,-29.315486884735154,64.0107531365129,-32.09322978404266
0.30418796362910316,-29.31548533236874,64.01080378581128,-32.093229273266004
0.30418284962376496,-29.31548691942164,64.01076184794192,-32.09322949606031
0.3201153261266153,-29.26236648967068,64.30129427896418,-32.310490106347515
0.32011598656312834,-29.262366292757026,64.30129967733592,-32.3104900720644
0.314740127321964,-29.280793733959467,64.20432596424462,-32.237650309626154
0.3147381615429818,-29.280794336109164,64.20430988149747,-32.23765040083386
0.30942755299765345,-29.298497572791394,64.10746431897678,-32.165231468529754
0.3094293321205577,-29.29849702277084,64.10747889121922,-32.16523138947198
0.30418633941350687,-29.315485807354605,64.01079045575216,-32.09322936352931
0.30418641619056436,-29.31548578367203,64.01079108541808,-32.09322936008414
0.2990112791816209,-29.331770340066107,63.914271183959954,-32.021640464835514
0.2990102633517649,-29.331770656714713,63.91426284365025,-32.02164050810967
0.2942046936048679,-29.346445036531136,63.823676692145455,-31.954725240679476
0.2942050644789361,-29.346444917643954,63.82367973948931,-31.954725227063587
0.2894561860482043,-29.36051540399769,63.73323146862958,-31.88816872532158
0.2894564659315076,-29.360515298902364,63.7332337653379,-31.88816872524834
0.2847642566179974,-29.37399005159718,63.64293059664078,-31.82196796674801
0.2847641387014823,-29.37399006695831,63.64292961725823,-31.821967985950586
0.280127510592222,-29.386877462148007,63.55276986986382,-31.75612002050977
0.2801274728349163,-29.386877452844562,63.55276955071304,-31.75612003612279
0.27506319859728284,-29.400456369630188,63.45322275779836,-31.683701530092
0.2750632460863326,-29.400456327152227,63.45322313993847,-31.68370154652574
0.270065064153924,-29.41333763461281,63.35385439155516,-31.611707041073494
0.27006506607303127,-29.413337602965903,63.35385439618676,-31.61170706173115
0.26513204335723495,-29.42553196245175,63.2546652831752,-31.54013267166235
0.26513202612517695,-29.425531937629057,63.25466512962748,-31.540132692602395
0.2602631853821451,-29.437049859361796,63.155656688009,-31.468974575523074
0.2602631843367833,-29.43704982994701,63.155656668691336,-31.468974595519754
0.2442231263096694,-29.47119962027124,62.82137737146286,-31.230793286226813
0.24422308957772138,-29.47119903125802,62.821376854453774,-31.230793693575038
0.22887616601789226,-29.49807923745388,62.48923941954672,-30.997209057219774
0.22887568439245956,-29.498079704627106,62.489235501693656,-30.997208859797052
0.2141892219006775,-29.518058297426727,62.15928020533738,-30.768081331702618
0.2141886443795324,-29.51805903420671,62.15927554525706,-30.768080971610832
0.20013063322991537,-29.53148500767785,61.83152722027671,-30.54327598727312
0.20013123854747988,-29.531484949042987,61.83153236180942,-30.543275870706083
0.18667147521201372,-29.538687816521765,61.506010978093855,-30.32266449941746
0.1866736478677257,-29.538687266045237,61.50602939344935,-30.322664320016994
0.17351582158351428,-29.539943793843165,61.17585329748408,-30.101510196732335
0.17351588593951284,-29.539943609745833,61.17585329748408,-30.10150980216737
0.17353820658264155,-29.53994209074541,61.176045983118,-30.1015065465833
0.17349322238140505,-29.539951032303588,61.17566152344125,-30.101511028829627
0.17351624976292424,-29.53994381970026,61.17585698212224,-30.101510065693645
0.16093508651696872,-29.535345331222107,60.84812693798085,-29.88447351729392
0.16093083290981916,-29.535346958922243,60.8480907782814,-29.884473475443855
0.148886469001637,-29.52519679056796,60.52270770043833,-29.67143162968977
0.13736261832363236,-29.50977616546041,60.199757443676845,-29.462264900629542
0.12633552282704477,-29.489353660677835,59.87924712452923,-29.25685886830967
0.11577943526943847,-29.464185445926674,59.56115267256109,-29.05510307056598
0.10567389436454269,-29.434513484197886,59.24548234479289,-28.85689075597892
0.09600026977670613,-29.40056730974439,58.93224815922622,-28.66211887918176
0.08456250441428159,-29.352802010971697,58.54674235471521,-28.424941735444694
0.07372651271301765,-29.29917985258463,58.164974061639896,-28.19273158969396
0.06345864210015932,-29.240071932588272,57.786915816896,-27.965313608668524
0.053729820183014844,-29.17582607224939,57.41255882001724,-27.742520319638498
0.04451042683571013,-29.106770477977175,57.04186974238155,-27.524190995074747
0.03577508190746792,-29.033213308750057,56.67483452330316,-27.310171333424897
0.024330860734648706,-28.9234463025577,56.16804841210978,-27.01807680950038
0.024330930158701733,-28.92344609259954,56.16804841210978,-27.018076371462
0.024352163722730098,-28.92344456020042,56.168241383493296,-27.018073174398182
0.0243094060001648,-28.92345317302623,56.16785627769559,-27.018077552592853
0.013717647909121998,-28.806191802623037,55.66824059130795,-26.733725396825083
0.013717469028236154,-28.80619170760673,55.668238950122486,-26.733725524328985
0.003875111488330412,-28.682127549975707,55.17530220441586,-26.456755915302594
-0.005250936136643265,-28.551877204093525,54.68913179016681,-26.186827228404358
-0.013710272705528636,-28.416015464925863,54.20962490482225,-25.923616977912015
-0.021549446766052246,-28.275072267747916,53.73666784426632,-25.666820642123874
-0.03073158157753452,-28.088361562873477,53.141695720632924,-25.34757869163322
-0.039053285791971225,-27.8950802337402,52.556981285777056,-25.037776533350655
-0.03905319467960874,-27.89507973658126,52.55698205448198,-25.037776919321782
-0.04658821862894735,-27.69606876844257,51.98228370544939,-24.736889491648007
-0.05340517038620028,-27.4920876005113,51.41734327929271,-24.444428516854163
-0.05956313422783139,-27.2838236679236,50.8619356715576,-24.159937183436295
-0.06512255007572815,-27.07190046574614,50.315773484414876,-23.882990090675715
-0.07012522856974078,-26.85687827315745,49.77870189328769,-23.61318965655514
-0.0746354405577818,-26.639272599870306,49.25031468860652,-23.35016558818987
-0.07866043650504692,-26.41953439189422,48.73071587812774,-23.09356991256973
-0.07792583366977164,-26.461645423990518,48.82929804482956,-23.142094892138882
-0.0809641728856316,-26.2828609605182,48.41348414649474,-22.93806017258172
-0.08037954775372633,-26.318581805357343,48.49594339948226,-22.978417489312378
-0.08264121411947037,-26.174870771951458,48.16625174433284,-22.817241306292384
-0.08474255952684712,-26.030619381569576,47.83994934091652,-22.658486451191898
-0.08671159044191808,-25.885927531036405,47.51679211150986,-22.502076285347517
-0.08853244404057824,-25.740875706956942,47.196956812883855,-22.34793579313027
-0.08842056939520888,-25.750047603107767,47.21707466523412,-22.35760730750744
-0.08705838604341222,-25.858772935631126,47.45666721338921,-22.473024860881363
-0.08705831053740208,-25.858772697435494,47.45666721338921,-22.473024348134683
-0.08703870264640043,-25.858771229025788,47.45685963731148,-22.473021187194252
-0.08707815349838044,-25.85877930406894,47.456475496626354,-22.473025482608072
-0.0870577827219949,-25.858772746204117,47.45667306645146,-22.473024838707914
-0.08740225845240134,-25.83160699001558,47.3966370272683,-22.444052698536296
-0.08740320385343908,-25.831607286570733,47.39662785081464,-22.444052733521815
-0.08774350903894759,-25.804430306666436,47.33669873463214,-22.415159351166928
-0.08807922212250797,-25.777242499001108,47.27688076714003,-22.38634424117913
-0.08840964321737416,-25.75004416530381,47.217180880454634,-22.357606912067283
-0.08901405354138368,-25.699211112722814,47.10596385560166,-22.304131790494804
-0.08901397785437816,-25.699210873819332,47.10596385560166,-22.304131274715612
-0.08899443115910156,-25.69920940976454,47.10615623609101,-22.30412811390359
-0.08903375795672591,-25.699217463271168,47.105772177046674,-22.304132407883454
-0.08960220145262408,-25.6483471275865,46.99513871472391,-22.250923568291363
-0.09017465989318088,-25.597455594793832,46.88470063494378,-22.197979352527806
-0.09073132385057525,-25.54653963154039,46.77465135700004,-22.145296253192956
-0.09160542067081492,-25.463512533413777,46.59612080391071,-22.0599852324687
-0.0916053447289689,-25.46351229353902,46.59612080391071,-22.05998471227451
-0.09158588660927981,-25.463510836025065,46.59631311884141,-22.059981551498836
-0.09162503389412913,-25.46351885818209,46.59592918331555,-22.059985843602412
-0.09160530593658572,-25.463512285894573,46.59612190830785,-22.059985419159297
-0.09243965732407579,-25.380442299946537,46.418607111909296,-21.975348266679937
-0.09243952162869502,-25.380441925984282,46.41860841447169,-21.975348561592696
-0.09323529764193936,-25.297341788598278,46.24210039780337,-21.891373626337725
-0.0939936921008154,-25.214223496286163,46.066589663666946,-21.80804980496391
-0.09534210140093398,-25.055568195894608,45.734318250085835,-21.650772883305226
-0.09534202505046373,-25.055567954532844,45.734318250085835,-21.6507723556294
-0.09532271569329732,-25.055566508626455,45.73451044793728,-21.650769194524504
-0.09536156160165384,-25.055574477656428,45.73412673372786,-21.650773483994364
-0.09534208516032626,-25.055566758755866,45.734318314835036,-21.650774192769195
-0.09505605679737233,-25.09050229952544,45.80718090188839,-21.68521023172183
-0.09505604512239763,-25.090501537435674,45.80718096556666,-21.685210924385586
-0.09604221403632393,-24.966804798132475,45.54992658901938,-21.56375274218827
-0.09695573845167639,-24.84316803251233,45.29479620622169,-21.443641453464974
-0.09695569379041973,-24.843168589353542,45.29479668423619,-21.443640928663804
-0.09779989004505768,-24.719625879317114,45.04176121315595,-21.324842756378217
-0.09857810411171515,-24.596209740991814,44.79079032061463,-21.207324896534374
-0.09946396564355775,-24.441939941523078,44.47948996104742,-21.061973629038683
-0.1002570637187648,-24.28796975531079,44.17132411041621,-20.918522400013696
-0.10096274254698995,-24.134350865552054,43.866239776689326,-20.77691494037179
-0.10158619206797971,-23.98113141898318,43.56418377124328,-20.637097373867963
-0.10213229206248153,-23.828356039576573,43.26510440809216,-20.499018240923363
-0.10281696486033376,-23.599868400347457,42.821481013702396,-20.294833111175368
-0.10281688733053529,-23.599868155380108,42.821481013702396,-20.2948325580139
-0.10279807363663428,-23.599866753527344,42.82167276303653,-20.294829392486243
-0.10283591632051192,-23.599874541217662,42.821289902458375,-20.29483367753939
-0.10281696483800237,-23.599868806773422,42.82148103394093,-20.294832733472298
-0.10335184805129775,-23.37260311732719,42.38429320510704,-20.09429877891545
-0.10335183407602305,-23.372603270429064,42.38429335415958,-20.09429863189928
-0.10375013386106428,-23.1466742430845,41.95338319573921,-19.897266967990017
-0.10402401674179147,-22.922182765777432,41.52859817167155,-19.703599074104794
-0.1040240014396143,-22.92218220624581,41.528598308639175,-19.703599596761165
-0.10418459651341826,-22.699218928592806,41.109792039862896,-19.51316434648337
-0.10424207911850417,-22.477863011604267,40.69682400353713,-19.325839552881916
-0.10416510668349772,-22.167084286809935,40.12137040698917,-19.06549673639937
-0.10416502833121528,-22.167084040417393,40.12137040698917,-19.065496159298238
-0.104146667631391,-22.167082685467506,40.121561678502076,-19.065492985731805
-0.10418359449820368,-22.16709030164586,40.12117973333261,-19.06549727187781
-0.10392396342576771,-21.859845049023527,39.55699872123432,-18.810862951552007
-0.10392400141740864,-21.859844769313202,39.556998322048,-18.810863232370195
-0.10353996406084412,-21.556285094045432,39.00335968499803,-18.56165892356539
-0.10353994604108359,-21.55628451389377,39.00335986636719,-18.5616594774795
-0.10303189601896416,-21.256517620669197,38.46012308058107,-18.317627951211435
-0.10241649464748219,-20.960632829617367,37.92697454233348,-18.078533553456904
-0.10170860309689415,-20.66870034558304,37.40361534335534,-17.844157984331883
-0.10078137694667595,-20.332532142874573,36.80387963687508,-17.575905315841773
-0.09976393146757757,-20.001888801453113,36.216704723208295,-17.313533289123573
-0.09867212284158482,-19.676800213014047,35.64168624939384,-17.0567738872394
-0.09751983153085998,-19.357275254928563,35.07844034304071,-16.805381761364167
-0.09631876603885764,-19.0433047370969,34.52660698709906,-16.55913189872198
-0.09507955185162487,-18.734864216090564,33.985839324457174,-16.31781773098225
-0.09381044106759623,-18.431915949623683,33.455818459162856,-16.081249138321002
-0.09252016641343429,-18.134411956559855,32.93622307416172,-15.849250707041131
-0.09121342178634616,-17.842294381107735,32.42677933217237,-15.621659990216985
-0.08972110245359187,-17.517141220233444,31.860384411379528,-15.368459635027364
-0.08972102313748972,-17.517140980563948,31.860384411379528,-15.368458982402268
-0.08970404398287496,-17.517139799811833,31.860573962092076,-15.368455767189335
-0.08973818161818575,-17.517146860522036,31.860195335423214,-15.368460077333909
-0.08972003682265957,-17.517140594767238,31.86039623000397,-15.368459895616835
-0.08821989944418564,-17.19874079745858,31.306340478772654,-15.120541274574872
-0.08822070134654955,-17.19874068136853,31.306331583978135,-15.120541693903261
-0.08672237600168302,-16.886983178780678,30.764202269890575,-14.877716955747605
-0.08522840286105449,-16.581748702497368,30.233672702190688,-14.639811996857588
-0.08374396910255862,-16.28291539937096,29.714393907499925,-14.406664203712465
-0.08227290707780582,-15.990357540866228,29.206039356326983,-14.178122306754597
-0.08059873227952218,-15.661242668889907,28.634092202698866,-13.920602522276912
-0.07894795654904209,-15.34007314235872,28.07577820498409,-13.668795409284415
-0.07732424757388988,-15.026651295485596,27.530660112111036,-13.422513120631715
-0.0757276097365664,-14.720779072061152,26.99835525317667,-13.18157963698914
-0.07416295581159817,-14.422261776148357,26.478436428878922,-12.945829673724136
-0.07262504338746618,-14.130903827326001,25.970606293419678,-12.715107180696945
-0.07088704692180495,-13.801319298989823,25.395465921690175,-12.453310205018836
-0.07088696846101224,-13.801319076424816,25.395465921690175,-12.453309490480281
-0.07087109702862654,-13.801318060896602,25.39565394721194,-12.45330623015617
-0.07090300032526854,-13.801324643124227,25.395278274590964,-12.453310571864943
-0.0708832989205312,-13.801317826787129,25.39551005113708,-12.453310374860838
-0.06917993396683711,-13.48083623217499,24.835696050281513,-12.197875750393642
-0.06918269766619546,-13.480836768062877,24.835663417638898,-12.197876250795485
-0.06752721410153531,-13.169176320240107,24.290515346469874,-11.948599305818455
-0.06752531082111149,-13.169175371571528,24.290538039397234,-11.948599623409656
-0.06591066909395038,-12.86605552536966,23.759654292607593,-11.705285821793732
-0.06433809277025147,-12.571206191448844,23.24255349224586,-11.467751007913437
-0.06280917678318244,-12.284366083219531,22.738766842867335,-11.235819361897091
-0.061117127200917415,-11.967204844206938,22.180882579737045,-10.97835759192363
-0.05947653987190988,-11.659733698366448,21.639146142629215,-10.727707490571568
-0.057888681413225555,-11.36160481524649,21.112954155642,-10.483645249502409
-0.05634688791893765,-11.072481195306265,20.6018250774423,-10.245957200300506
-0.05485888222047192,-10.792043673402622,20.105123375788025,-10.014439650525787
-0.05340644386653807,-10.519977305846615,19.622557438526655,-9.788896959352051
-0.05201772566351582,-10.255994548594309,19.153278978596973,-9.569143275325434
-0.05230219921747659,-10.310132292772256,19.249587088045246,-9.61428464400881
-0.05120499359616071,-10.10521040173738,18.88513580460085,-9.443216956390813
-0.05014846602249105,-9.905084732856132,18.528550736564284,-9.2756084491308
-0.04912829369635071,-9.709620739898412,18.17966140341923,-9.111374838526585
-0.04933003023621775,-9.748560070373511,18.249221529815713,-9.144134928884236
-0.049984368092709314,-9.873544429488346,18.472277279349782,-9.249142789709841
-0.04998429219024371,-9.873544238522433,18.472277279349782,-9.249142005592283
-0.04996965672031865,-9.873543430320835,18.472463540044828,-9.249138687067777
-0.04999906802802339,-9.873549443064386,18.47209129391331,-9.249143070179459
-0.04981793060493337,-9.842121483433116,18.4162407249255,-9.222762882784378
-0.04965221247186218,-9.810816400952584,18.36040150643157,-9.19646845887146
-0.049487699726538895,-9.779628817104376,18.30475257697799,-9.170259196904604
-0.049323509759177334,-9.748557914382012,18.249304238968307,-9.144134740377684
-0.048996773719142205,-9.686764285576537,18.138997291143824,-9.09213894793971
-0.048996697985449436,-9.686764096534189,18.138997291143824,-9.09213816037563
-0.04898212360837705,-9.686763299237697,18.139183463370046,-9.092134838780858
-0.049011411762737524,-9.686769282778936,18.138811389210332,-9.092139224066399
-0.0486724585967064,-9.625431511590163,18.029467963203842,-9.040478477958583
-0.0483510376630016,-9.564555648024076,17.92070336801089,-8.989150757844673
-0.04803217572688731,-9.504132521888632,17.812700955889795,-8.93815321316173
-0.04755182161600928,-9.413083702506656,17.649871231083125,-8.861209771335648
-0.04755174613794691,-9.41308351636136,17.649871231083125,-8.86120897869595
-0.04753726171484604,-9.413082735241291,17.650057272849153,-8.861205652548083
-0.04756636854095074,-9.413088675592757,17.649685452320227,-8.861210041054036
-0.047551763807578945,-9.413083730462274,17.64987204718409,-8.861209799947513
-0.047077092358974046,-9.323059001715784,17.48876973456845,-8.78501553669547
-0.04707704408567712,-9.323059056089154,17.488770467778068,-8.78501557985973
-0.04660795678102879,-9.234044660847873,17.32937382023465,-8.709561810107067
-0.04660794104004325,-9.234044734580616,17.329374151017873,-8.709561859011014
-0.04614438916047415,-9.146027127705192,17.17166110445305,-8.63484001268089
-0.045083313634560813,-8.944331498425292,16.809869864043776,-8.463183314191303
-0.04508323861776764,-8.944331317465581,16.809869864043776,-8.46318251278562
-0.04506890950868803,-8.9443305646158,16.81005568000728,-8.463179178683854
-0.045097703266475685,-8.94433642985077,16.80968429856648,-8.463183572806091
-0.04508320595432062,-8.94433199815409,16.80987211550473,-8.46318363398253
-0.04540553141178468,-9.005618272130114,16.919860472530672,-8.515406099263203
-0.04540545633298013,-9.005618090476009,16.919860472530672,-8.515405299008936
-0.04539110682625682,-9.005617333888527,16.92004631818918,-8.51540196595818
-0.0454199416988739,-9.005623209028544,16.91967487899774,-8.515406359339096
-0.04540548771093364,-9.005618465497585,16.91986137066351,-8.51540622368253
-0.0446806321260152,-8.86773158591636,16.67232814736053,-8.397833225651205
-0.043969380594466305,-8.732312618570562,16.428976856625468,-8.282086789740097
-0.04396941315934609,-8.732312489611155,16.428976202410013,-8.282086699322472
-0.04327159249332693,-8.599308600418041,16.189720374952685,-8.16813316300677
-0.04327161204140471,-8.599308498804012,16.189719941442036,-8.16813309306123
-0.04258690788289776,-8.468668230348003,15.954477238674372,-8.055939599688324
-0.0417729858641896,-8.313201169697649,15.674217187397517,-7.9220781536732225
-0.04097741758713539,-8.161055609627029,15.39961184960248,-7.790706668950475
-0.04019973553086094,-8.012146976197391,15.130524861015147,-7.661770668727151
-0.039439422317909374,-7.866393202269396,14.866824625978552,-7.535217122670524
-0.038696083328935225,-7.7237147337184915,14.608381961302257,-7.410994424223567
-0.03747690652300107,-7.489364779990536,14.183223663144418,-7.206217347711082
-0.03747683313509828,-7.489364617065334,14.183223663144418,-7.206216518473333
-0.037462996837635106,-7.489363956883069,14.183408758033238,-7.206213158354435
-0.03749079733562569,-7.489369579033383,14.183038779601702,-7.206217570752427
-0.03747701671756451,-7.489364728962758,14.183222055314673,-7.206217298054745
-0.03630292897381419,-7.2632205610744265,13.77214710537146,-7.007720212279437
-0.03630296062352503,-7.263220521643645,13.772146611586322,-7.00772019301667
-0.035171828634740505,-7.044941542485537,13.374605397841606,-6.815278999124146
-0.0351719235204348,-7.04494166157633,13.37460427967244,-6.815279071077937
-0.034082003228925864,-6.8342041915220975,12.990069396823856,-6.628679393012583
-0.03303151139495765,-6.630700356202436,12.618039831868373,-6.447716042413844
-0.0320186477296201,-6.434136642784957,12.25803830992163,-6.2721921540711145
-0.030719395695235997,-6.181471944358068,11.79431539508414,-6.045491987925641
-0.03071932404476223,-6.181471800457395,11.79431539508414,-6.045491132780802
-0.030705946150046393,-6.181471230775151,11.794499812929189,-6.045487747384304
-0.03073282289399884,-6.181476619973574,11.794131152987575,-6.045492177380946
-0.030719397009555064,-6.1814719117443,11.794315325066691,-6.045491969238616
-0.029481129595854385,-5.9401041527714735,11.350277837666454,-5.827765550173391
-0.029481108904835164,-5.940104178216986,11.350278176535085,-5.827765570293764
-0.02830041914247919,-5.709440314225899,10.924950894425365,-5.618606048793954
-0.027174076701789927,-5.488924039069719,10.517416699619844,-5.417628474978243
-0.026099181128453264,-5.278032881928756,10.126809719035919,-5.224468201135092
-0.02507294180005254,-5.076275994181705,9.752314951917924,-5.038779743135634
-0.02389076891196534,-4.843354901533896,9.318970124581938,-4.823294728489768
-0.022771931723477034,-4.62240497465819,8.906878096099717,-4.617753101681915
-0.022771908458727765,-4.622405099829646,8.906878608815987,-4.617753148327197
-0.02171255842373386,-4.412712817674127,8.514839651245438,-4.421638647382938
-0.020708458422147424,-4.213614640025528,8.14174358704122,-4.234466299786559
-0.01975768198294794,-4.024492977039817,7.786523392132949,-4.055780179244144
-0.018853280512216505,-3.844770898262123,7.448256189791209,-3.885151125936002
-0.018001794207336403,-3.6739147022078744,7.125888479938567,-3.7221755778652774
-0.017176822831602566,-3.5114154281731254,6.8189096403898475,-3.5664723001743392
-0.01718668881896295,-3.5114188109533826,6.818764609683967,-3.566472636071507
-0.01718499674860813,-3.511418256548867,6.818789501548963,-3.5664725710770027
-0.017364567618887192,-3.5483527924575515,6.8887377214514345,-3.6019257856670874
-0.017369463044558848,-3.5483544654338144,6.888665831074832,-3.601925955041624
-0.017869606160070103,-3.648413673525466,7.077795544987566,-3.6977875292021705
-0.017869538713445283,-3.6484135758265697,7.077795544987566,-3.697786621024474
-0.017857098768438447,-3.6484132057153476,7.077978558115774,-3.6977831805889125
-0.017882085913706887,-3.6484180956068304,7.077612637326638,-3.6977876482739878
-0.01787035993119729,-3.6484139290952315,7.0777844995950545,-3.6977875499482082
-0.01774676511175522,-3.6231109848350336,7.029934769511783,-3.673570024642384
-0.017744099752083273,-3.6231100805774306,7.029973856749621,-3.6735699542897935
-0.0176154802252614,-3.597998984207594,6.982563995893543,-3.649521285192855
-0.017618426250713585,-3.5979999856878737,6.9825207596022665,-3.6495213585307065
-0.017493672549696932,-3.57308205425632,6.935417254744607,-3.6256404568391356
-0.017371854082420535,-3.5483552772446427,6.888630684454711,-3.6019260095786314
-0.017247108046005325,-3.523815990813038,6.842244198762728,-3.578376582111784
-0.017083404274080623,-3.4914302856071036,6.780990216598184,-3.5472725357570227
-0.017083337128651167,-3.4914301912533103,6.780990216598184,-3.547271624149365
-0.017070957849498435,-3.4914298347745296,6.781173137953829,-3.5472681799975296
-0.017095822803006908,-3.4914346912399212,6.7808073962874005,-3.5472726501927516
-0.01708556244304205,-3.49143102223167,6.780958446390741,-3.5472725858605196
-0.016924390712446724,-3.4593736019876236,6.720288101300866,-3.5164560932833773
-0.016925309252804954,-3.4593739132157895,6.720274567223896,-3.5164561169123014
-0.016767877168349772,-3.4276413825246737,6.6601631597927735,-3.4859242648407838
-0.01661024543950027,-3.396228639541219,6.600661982638485,-3.455674055785954
-0.01645422024650558,-3.365132601371801,6.541737728996395,-3.4257026552435446
-0.01630123964702738,-3.334350106206963,6.4833625248957105,-3.396007256923121
-0.01599221886627826,-3.271981830743256,6.365005725128867,-3.3357622915154757
-0.015992152150415825,-3.2719817411732026,6.365005725128867,-3.3357613750816153
-0.015979858236205614,-3.2719814040357433,6.365188517154365,-3.3357579256677714
-0.016004551254904128,-3.271986213219416,6.364823027950024,-3.335762399409171
-0.015990131643775087,-3.271981113327588,6.365036643505846,-3.335762246534238
-0.015690200518512977,-3.210893042624383,6.2489770169281655,-3.2766498491828515
-0.01568577219637921,-3.2108915195234897,6.249042731521968,-3.276649755667364
-0.01538822749871092,-3.1510514525409823,6.135325503000786,-3.2186463392950366
-0.015095173923750005,-3.0924310165948,6.023866653138157,-3.16172908264274
-0.014810882965197397,-3.035003397382358,5.914551089965698,-3.1058757282582885
-0.014531102786384349,-2.9787396187270505,5.807391952414491,-3.051064361185181
-0.014153112585678631,-2.9028116219030813,5.662663194466404,-2.9769535905765574
-0.014153046616114594,-2.9028115406743376,5.662663194466404,-2.976952665938644
-0.01414089782992937,-2.9028112368523624,5.662845766103146,-2.976949207491481
-0.014165298560184522,-2.9028159649806464,5.662480707210307,-2.9769536872980336
-0.014153790571511102,-2.90281185180566,5.662653043546015,-2.976953609642104
-0.013786773419110495,-2.828990118705782,5.521793474927108,-2.9047396329763733
-0.013787482321165109,-2.828990359818001,5.521782839114167,-2.9047396535034813
-0.013431869571468214,-2.7572090146120942,5.38466494675049,-2.8343694796072056
-0.013085902696314766,-2.6874038466289343,5.2511983512999905,-2.7657917499320757
-0.012749660180589073,-2.619513583146251,5.121269113940343,-2.6989567637109557
-0.012423242679720833,-2.5534791663821603,4.994766783311206,-2.6338163902076195
-0.01181532139024802,-2.4303894551611007,4.7586491076890525,-2.51204086330776
-0.011815256419974612,-2.4303893851742284,4.7586491076890525,-2.5120399280078853
-0.01180329627742415,-2.4303891254935452,4.758831391870899,-2.512036457652618
-0.01182731710795918,-2.4303937469680026,4.75846689441596,-2.5120409454099777
-0.011239665726956487,-2.313682006001283,4.53438923737167,-2.3961497065152066
-0.011239388707455564,-2.31368194992562,4.534393523802009,-2.3961497248561807
-0.010694015341314785,-2.202987418188468,4.3213365579640595,-2.285836400773883
-0.01017733146560885,-2.097961225478089,4.118865165798979,-2.180812313170602
-0.009687569236997724,-1.9982812103963867,3.9264046805010366,-2.080805458522119
-0.009223065348606778,-1.9036461821590247,3.7434162048407416,-1.9855594310953202
-0.008782484704651176,-1.8137744157168065,3.5693904307163393,-1.8948323764710333
-0.008364426363944678,-1.7284020802828446,3.403851245484475,-1.8083960310825893
-0.007967585121716999,-1.6472819622504624,3.2463509799458734,-1.726034854583096
-0.007546991701284979,-1.5612133615884305,3.0790197928604357,-1.638401201042385
-0.007149967300167486,-1.4798813447496362,2.920683663521686,-1.5553523022178035
-0.006775064175561945,-1.4030024275507331,2.77082345339295,-1.4766352080258462
-0.0064209033453004015,-1.3303122072906663,2.6289538375817756,-1.402012159291698
-0.006086296417440864,-1.2615639074871234,2.494618818670915,-1.3312595866054453
-0.00576995218713761,-1.1965269648568082,2.367394008649626,-1.2641671410163726
-0.005471007997064761,-1.1349859836949099,2.2468760932451914,-1.2005368373519998
-0.005188003882167217,-1.0767392637816613,2.1326970610039098,-1.1401822082978865
-0.004920826964065214,-1.0215984285135762,2.02449157388628,-1.0829276121836224
-0.004636620728392941,-0.9631398073732326,1.9096812464658797,-1.0221018221676976
-0.004372019975170833,-0.9081447305479016,1.801522815599128,-0.9647589324130251
-0.004116353565199469,-0.8563923401547255,1.699759641919627,-0.9106921088385392
-0.004116292318011426,-0.8563923128795643,1.699759641919627,-0.9106911365326853
-0.0041049874375785065,-0.8563922143273786,1.699940918840639,-0.9106876233410944
-0.004127688942194433,-0.8563964533186242,1.6995783903257689,-0.9106921392508535
-0.00412016001389665,-0.856393707916429,1.6996988992082152,-0.910692254240824
-0.0038908487495851207,-0.8076875862137277,1.6036536624028486,-0.8597084117122055
-0.0038846144601330334,-0.8076855077609417,1.6037536010207987,-0.8597082949390139
-0.003933987861418775,-0.817063541340336,1.6221655241702138,-0.8695304158038518
-0.003930717626306788,-0.8170624520567672,1.6222179312853768,-0.8695303544172032
-0.0037435412923099444,-0.7795907143387599,1.548462789100995,-0.8302600911766832
-0.003747769781284939,-0.7795921859026261,1.5483950196062324,-0.8302601903111927
-0.003776136390536652,-0.7859617617801208,1.560993329608209,-0.8369405859132479
-0.0037760753253077532,-0.7859617366296042,1.560993329608209,-0.8369396118923079
-0.00376480083978851,-0.7859616458615669,1.5611745594696913,-0.836936096657598
-0.003787441156862145,-0.7859658666350418,1.5608121230070537,-0.836940613891586
-0.003779517919591847,-0.7859629386571754,1.5609391428711206,-0.8369406616691392
-0.0036376858393738264,-0.7560837561797066,1.5019759718006753,-0.8055924737735025
-0.00363508136781373,-0.7560828477729276,1.5020177596284157,-0.8055924265340989
-0.0034972231363954542,-0.7273718500932578,1.4453570636055701,-0.7754369083984588
-0.0033611188124227547,-0.6997802734347557,1.3909392577375002,-0.746427289790055
-0.0033630929769833608,-0.6997809689855807,1.3909075306378327,-0.7464273291027206
-0.0032357333793470123,-0.6732653786564491,1.338529054112314,-0.7185189547113225
-0.0031124308310243715,-0.6477803304093057,1.2881780049769986,-0.691668784898535
-0.0029610042296554845,-0.6166039795205304,1.2265613430827216,-0.6587868152064028
-0.002819236178918283,-0.586964429793608,1.167913076460536,-0.6274881936823746
-0.0026800096473319534,-0.5587804208344065,1.112190385103986,-0.5976946951814149
-0.0025623870345135168,-0.5319841156276024,1.0589359483128646,-0.5693326568113729
-0.0025516721006500114,-0.5319804054082485,1.0591092505228517,-0.56933244892338
-0.002554364267450956,-0.5319813385018443,1.0590657135207948,-0.5693325060818494
-0.002590347490104233,-0.5384609197895512,1.0718181423794704,-0.5761907880829892
-0.002585249030969898,-0.538459154329969,1.0719005845544416,-0.5761906885545395
-0.002664112638292941,-0.5546555227249608,1.1039570610978444,-0.5933299316457967
-0.0026640521805834498,-0.5546555046961226,1.1039570610978444,-0.5933289519528484
-0.0026528782348323237,-0.5546554398818626,1.1041381350833035,-0.5933254299248055
-0.0026753161638676352,-0.5546596000821339,1.1037760035628708,-0.5933299515488923
-0.0026632327066341676,-0.5546552166183976,1.103971279937923,-0.593329914446036
-0.00264066963383526,-0.5505590879534876,1.0959091465906567,-0.5889972677771236
-0.0026431415921770356,-0.5505599484744622,1.0958691967425693,-0.5889973159512402
-0.0026255611321202954,-0.5464964129525456,1.087789544167208,-0.5846967807640792
-0.0026235732205193985,-0.5464957204504959,1.0878216756850634,-0.5846967422904853
-0.002604487705777604,-0.5424622758369205,1.0798288720093296,-0.5804279509229473
-0.0025841200057765,-0.5384587595776071,1.0719188377220235,-0.5761906671249005
-0.002552752795011383,-0.5318475952196412,1.0588171485028397,-0.5691912284952719
-0.00255269239811348,-0.531847577905245,1.0588171485028397,-0.5691902482397317
-0.0025415284269114232,-0.5318475156831973,1.0589982070041515,-0.5691867255349151
-0.002563946277795198,-0.5318516698475709,1.0586361057789873,-0.5691912475952111
-0.0025218983991428423,-0.5253193877291019,1.0458762971143187,-0.5622778012875556
-0.0024906957320431056,-0.518872761909396,1.0331080533387649,-0.5554492931987365
-0.002459859537462164,-0.5125069031818877,1.0204987197130322,-0.5487046524618393
-0.0024145802473107933,-0.5031127420648789,1.0018845078252525,-0.5387483648025325
-0.0024145199271783657,-0.5031127256537581,1.0018845078252525,-0.538747383837315
-0.0024033685380965277,-0.503112666706133,1.0020655467928918,-0.538743860277271
-0.0024257610618511716,-0.5031168132495233,1.0017034837869687,-0.5387483828887781
-0.0024146200929290322,-0.503112793170433,1.0018839364579435,-0.5387484019779462
-0.0023702127968750764,-0.49389429868827855,0.9836142717063012,-0.5289747156923617
-0.0023702241035614057,-0.4938943571078762,0.9836141964456147,-0.5289747692004293
-0.002326669777780885,-0.48484814006403204,0.965682574856146,-0.5193802847688311
-0.0023266639413218925,-0.48484819841843807,0.9656827890171371,-0.5193803438076057
-0.0022839250608114947,-0.47597091719874746,0.9480831121072697,-0.5099617118674733
-0.0022839225716216305,-0.47597097666734545,0.9480832720737453,-0.5099617710399078
-0.0021625178582176242,-0.4507492778286382,0.8980639220999365,-0.4831840424237151
-0.002162457678619471,-0.45074926307272783,0.8980639220999365,-0.4831830601627801
-0.00215132926373423,-0.4507492101169491,0.8982449253835512,-0.4831795350402177
-0.0021736755423527863,-0.45075334272553347,0.8978829321972626,-0.4831840586575167
-0.0021625192969086217,-0.45075001103956364,0.8980653567550689,-0.4831847668687166
-0.0022083310265318666,-0.46026793953256095,0.9169440029268117,-0.4932930684877424
-0.0022082708213260424,-0.4602679244748802,0.9169440029268117,-0.49329208646257844
-0.0021971382257168787,-0.46026787042750167,0.9171250127064923,-0.4932885616245599
-0.002219492919580683,-0.4602720055737413,0.916763006812289,-0.4932930850587841
-0.0022083305487536277,-0.46026814713915687,0.9169444234066759,-0.49329327319013494
-0.0022685953638207604,-0.47278729034414674,0.9417707413194876,-0.5065831348121573
-0.0022685351249765655,-0.47278727489016487,0.9417707413194876,-0.50658215309694
-0.0022573970338342028,-0.4727872194086934,0.941951759634776,-0.5065786286328021
-0.0022797627898399147,-0.47279135788955023,0.9415897370377024,-0.5065831518264111
-0.0022533730291950074,-0.46962532253337347,0.9355009021328442,-0.5032271261928225
-0.002238255435150055,-0.46648490176204516,0.9292734115911117,-0.49989357284917885
-0.0022232414462026863,-0.4633658815088768,0.9230879930964875,-0.4965823271509085
-0.002208330300212493,-0.460268113473408,0.9169443602013416,-0.4932932395702602
-0.002178813889370593,-0.45413573098486987,0.9047812790686294,-0.486780930745185
-0.0021787537006587926,-0.4541357161215534,0.9047812790686294,-0.48677994856813844
-0.0021676237981268285,-0.45413566277729195,0.9049622846646344,-0.4867764235467144
-0.002189973071102733,-0.45413979628898116,0.9046002869558833,-0.48678094709899095
-0.002149700644205523,-0.44808656628683574,0.8927818641041085,-0.4803554478599344
-0.002120984841867596,-0.4421194546955898,0.880943860051957,-0.47401561489913036
-0.002120984663855997,-0.44211946848635875,0.8809438905018396,-0.47401562858869073
-0.0020926605199912468,-0.4362332446018925,0.8692650413809133,-0.46776026825785527
-0.0020926602872585478,-0.43623325946583097,0.869265074913983,-0.46776028304763856
-0.002038916100909218,-0.42506290551317183,0.8470983859001535,-0.45588540153985047
-0.0020388559905484016,-0.4250628915735695,0.8470983859001535,-0.45588441864212487
-0.0020277388669253716,-0.4250628415688467,0.8472793716418892,-0.45588089275039856
-0.002050062417187289,-0.42506696731913757,0.8469174127822043,-0.45588541686248046
-0.0020389153100524885,-0.425062967897434,0.8470985236772322,-0.4558854637329485
-0.0019865784291207373,-0.4141836035121097,0.8255047525335613,-0.44431485815810645
-0.0019356089154733108,-0.40358741226802214,0.8044687594792777,-0.43304060156596014
-0.0019356105171333322,-0.4035873667491063,0.8044686422613267,-0.43304055652597134
-0.0018859749453302092,-0.3932666937561774,0.7839754961878498,-0.4220548741319141
-0.0018859753931643715,-0.39326665417103346,0.7839754103429186,-0.4220548353558753
-0.001837636810996821,-0.38321410126841426,0.7640107492511561,-0.41135020306194864
-0.0017741442095001105,-0.37000805111050517,0.7377773075018013,-0.3972809849886755
-0.001774084248206747,-0.37000803893029194,0.7377773075018013,-0.3972800007234468
-0.001762991374410858,-0.37000799527715766,0.737958255549529,-0.39727647317748666
-0.0017852661126877404,-0.3700121062777186,0.7375963704475907,-0.397280998352819
-0.0017128832361004845,-0.3572639082170402,0.7124551174433691,-0.38369681416383117
-0.0016537739348394984,-0.3449650584893441,0.6880117996979607,-0.37058070657269027
-0.0016537745685584982,-0.34496504199026573,0.6880117572836753,-0.37058069122248416
-0.0015967373149705182,-0.33309550602006127,0.6644161883832567,-0.35791628147220766
-0.0015967378420581489,-0.3330954828650171,0.6644161345252542,-0.35791625956798834
-0.0015416986006779234,-0.3216398719590949,0.6416382749193872,-0.34568776096004616
-0.0014461017963785998,-0.3017385977820345,0.6020553938537887,-0.32443035949162513
-0.0014460420212064654,-0.3017385878021718,0.6020553938537887,-0.3244293735256115
-0.0014349793101249917,-0.30173855207578754,0.6022362949920534,-0.3244258439178752
-0.0014571933353593272,-0.3017426446896354,0.6018745016854155,-0.324430370416616
-0.001446103815424665,-0.30173850144407766,0.6020551704000354,-0.3244302661184859
-0.0013565142858023493,-0.2830833225336997,0.5649368631065954,-0.3044883499245093
-0.0013565182896590052,-0.28308325649828736,0.5649366659713451,-0.30448828568175196
-0.001272561326348654,-0.2655942582584715,0.530126290896078,-0.28577931850957955
-0.0012725551211278956,-0.2655943623291347,0.5301265970274471,-0.28577941689492464
-0.0011938565047742225,-0.2491971722185309,0.49747860408160705,-0.2682263631318387
-0.0011200734849643043,-0.23382257978458715,0.4668572614036748,-0.2517573185581672
-0.001050905446428106,-0.2194054090959633,0.4381342986494019,-0.23630446646363895
-0.0009627762682204137,-0.20103224489902774,0.40151814139790076,-0.21659825336508282
-0.0009627167702031591,-0.20103223820326124,0.40151814139790076,-0.21659726487985712
-0.0009516987424219636,-0.20103221427377255,0.4016989729893794,-0.21659373220797185
-0.0009738228283342911,-0.2010362795667146,0.40133731579089726,-0.21659826067030052
-0.000962774539161031,-0.20103221086973994,0.4015181008253421,-0.21659821790468994
-0.000882107364694898,-0.18420967277863864,0.36798050188281195,-0.1985421401157604
-0.000882103708710955,-0.18420974091193704,0.3679806851846479,-0.19854219403629178
-0.0008082532514858108,-0.16880501650320864,0.33725984500961204,-0.18199696154132491
-0.0008082490888327203,-0.16880517162574413,0.3372602094600552,-0.18199710106110706
-0.0007406283169567802,-0.15469722496104932,0.3091172346148596,-0.16683544298538097
-0.0006787028113994974,-0.14177571204617256,0.28333409279184707,-0.1529410670403662
-0.0006219889916101655,-0.12993952073900858,0.2597107395490639,-0.1402072288200266
-0.0005700408642582642,-0.11909652917881486,0.23806479856830265,-0.12853644125640443
-0.0005224567823112549,-0.10916262035669944,0.2182295078455354,-0.11783952813775608
-0.00047886443874894176,-0.10006090874016516,0.20005242442721283,-0.10803485747917897
-0.0004389259263421085,-0.09172109675466548,0.18339402651236014,-0.09904767797347784
-0.00040233264492864243,-0.08407891640646209,0.16812666313853697,-0.09080954654346302
-0.00036880202305860304,-0.07707560848297978,0.15413355945156582,-0.08325780351444667
-0.00033807588254514804,-0.07065743089983893,0.14130785105862742,-0.07633507465096595
-0.00030991803831768026,-0.06477521196832124,0.12955171321664238,-0.06998880969034377
-0.000284112437571606,-0.059383953936648345,0.11877557976049502,-0.06417086892210548
