620.7415028037831,0.0,620.7415028037831,0.0
620.7406458439077,-0.0007084038202265219,620.7414154622187,-6.121449080712979e-05
620.7406458508158,-0.0007083970922394656,620.7414154623146,-6.121440666999263e-05
620.7397888978572,-0.0014167941867526679,620.7413281208561,-0.00012242881215495516
620.7397889047664,-0.0014167874587656115,620.7413281209532,-0.00012242872801781801
619.9334771351339,-0.6675001865187369,620.6588797951467,-0.05790247349411046
619.933463018537,-0.6675139998287705,620.6588796355401,-0.057902617174270046
619.1332794354042,-1.3276371711299362,620.5765243070017,-0.1156077004675812
619.133251340528,-1.3276646622193766,620.5765239892718,-0.11560798652436727
618.3391260611327,-1.9818959565986916,620.4942608373076,-0.17323881957626278
618.3390982353328,-1.9819231841415785,620.494260522504,-0.1732391030295377
615.6037796568697,-4.228387341695452,620.2067508229402,-0.37458382437502724
615.6036467765392,-4.228517353365078,620.2067493137021,-0.37458518379771266
616.0609935944883,-3.8536566126936123,620.2552664133482,-0.34061620616626476
616.0609003492063,-3.853747846922033,620.2552653552805,-0.34061715915206636
613.8321279784697,-5.677515297254558,620.0170287383584,-0.5073854626341893
613.8322426463241,-5.67740307866643,620.0170300266602,-0.5073843016696798
611.6518238818658,-7.45416139570807,619.7795390826158,-0.673553805041895
611.6518390086921,-7.454146578891141,619.779539245589,-0.6735536580057302
609.5184154137175,-9.185224216246297,619.5427778708721,-0.8391382409082065
609.5184301866508,-9.185209746783585,619.5427780303828,-0.8391380969483798
605.3876409061965,-12.515141511125876,619.0713853405252,-1.1686029232029072
605.3877089724039,-12.51507484948661,619.0713860785567,-1.1686022566661365
601.4306859562316,-15.676183008004045,618.6027420798931,-1.4958731156574219
601.4306390716639,-15.676228945294497,618.6027415823122,-1.4958735653538293
597.6383554991846,-18.677339841422054,618.1367385142185,-1.821043173611797
597.6383078273183,-18.677386547938113,618.1367380073066,-1.8210436320501715
594.0022720579065,-21.5268027136176,617.6732742259143,-2.144199454390258
594.0022616658279,-21.526812904703547,617.6732741204102,-2.144199549878798
590.5145128275639,-24.23231741250902,617.2122540563331,-2.46542381626019
590.5145026351663,-24.23232740554795,617.2122539517176,-2.4654239110033465
582.8569402938297,-30.067219473298792,616.1375711367771,-3.2134113696486115
582.8568102260807,-30.06734697319189,616.1375697902547,-3.213412590982109
575.8877938652537,-35.234936232241125,615.0748142448605,-3.952084147365695
575.8877375328528,-35.23499135342945,615.0748136101545,-3.952084723872174
569.5277016759691,-39.81305045516365,614.0230223785192,-4.682270247386403
569.5280342830571,-39.81272426696705,614.0230257395056,-4.682267189481405
570.7890293663087,-38.91654507308431,614.2383923578966,-4.532817918503614
570.789192707532,-38.91638488365743,614.2383940084484,-4.532816417258896
566.0396695412514,-42.2602320512442,613.4084643179958,-5.108562725500175
566.0396181962151,-42.260282377860676,613.4084637849691,-5.108563210893244
561.6069286104076,-45.2980407526411,612.5846316780447,-5.679662314996043
561.6069705649593,-45.297999606329995,612.5846321008247,-5.679661929535377
557.4622025946755,-48.05792203002056,611.7665435060355,-6.246418881339447
557.4622129830956,-48.05791184064219,611.7665436101006,-6.24641878636284
553.5790522766464,-50.565711285617,610.9538754656508,-6.809111903387384
553.5790626115202,-50.56570114520582,610.9538755672603,-6.809111810534351
549.9336871121824,-52.84465335811092,610.1463343258764,-7.367993855583058
549.933698540725,-52.8446421538888,610.1463344430263,-7.36799374841249
544.4878199850207,-56.0986220147538,608.8506843866082,-8.264242386833807
544.4878643814916,-56.0985784890363,608.8506848409563,-8.26424197042845
539.5275260921333,-58.88724633357015,607.5667508389388,-9.151978413235431
539.5275757583817,-58.887197667329474,607.5667513602833,-9.151977934572148
534.9842423420474,-61.27749519780082,606.2936755250307,-10.031937985182461
534.9841162506283,-61.277618842450465,606.2936742505818,-10.031939157503112
530.7988370502034,-63.32711872587652,605.0307140592688,-10.904758283188933
530.7987771460773,-63.327177481403396,605.0307134615013,-10.90475883402055
526.9213427875968,-65.08490648980114,603.7772306486405,-11.770981371242536
526.9213263000225,-65.08492266926851,603.7772304884348,-11.770981519143772
523.308831205962,-66.59276784787153,602.5326742964314,-12.631075242597896
523.3088114021309,-66.59278725336435,602.5326740894756,-12.631075433980257
519.9244876363008,-67.88663627273763,601.2965674754494,-13.485443566410975
519.9244801123733,-67.88664365689556,601.29656740289,-13.485443633621143
515.4522716968213,-69.41471493360041,599.5558728789805,-14.688886248558784
515.4522357792225,-69.41475012874207,599.5558725043807,-14.688886596416074
511.3023658447073,-70.64569184946322,597.8303768039623,-15.882319109791728
511.30226150873943,-70.64579407146311,597.8303757091392,-15.882320128936575
507.4146259337704,-71.63820933066063,596.1192555687635,-17.06642030433245
507.41455118593046,-71.63828255161434,596.1192547788949,-17.06642104135007
503.7409742214409,-72.43911539074134,594.4218300647138,-18.24174045253153
503.7409128177979,-72.43917552196535,594.4218294072436,-18.241741067480383
500.2427048377073,-73.08609843827298,592.7375339907796,-19.408730714799397
500.242653116977,-73.08614907129368,592.7375334293953,-19.408731241124592
496.8887220849704,-73.60940899854768,591.065892561121,-20.56776147760296
496.88868760553356,-73.60944274985513,591.0658921857444,-20.56776183035561
493.65406898762876,-74.0332980043695,589.406504881109,-21.719137889110705
493.6540379807199,-74.03332835001265,589.4065045405941,-21.71913820986162
490.12985941420874,-74.41573620565578,587.5523115164635,-23.006715896598937
490.1298231505025,-74.4157716922723,587.5523111168153,-23.006716274040503
486.70882876613837,-74.71876782693698,585.7128046298084,-24.28520803673305
486.7087780910226,-74.7188174138364,585.7128040708585,-24.28520856599949
483.373122812093,-74.95964373493962,583.8876270741117,-25.554860527079082
483.3730909942571,-74.95967486614518,583.8876267218743,-25.55486086147206
480.10883726206595,-75.15175532248122,582.0764699258043,-26.815877341257156
480.1088093192353,-75.15178266180101,582.0764696165945,-26.815877635558195
476.90502734587614,-75.30560287341359,580.2790608835597,-28.068430664270068
476.90500479226614,-75.30562493957405,580.2790606341283,-28.068430902288103
473.7531184521923,-75.42937164924979,578.4951572459165,-29.31266714447445
473.7531037781679,-75.42938600530078,578.4951570834048,-29.312667299936177
470.6463866658865,-75.52943973747233,576.7245397911432,-30.54871338778439
470.6463728710191,-75.52945323423728,576.7245396389784,-30.54871353372203
467.5795268052028,-75.61080039167337,574.9670077199461,-31.77668052306982
467.5795168366227,-75.6108101447785,574.9670076100904,-31.776680628689185
464.5483683805651,-75.6773397032066,573.2223752933639,-32.99666720959229
464.54836090483604,-75.67734701738573,573.2223752111021,-32.99666728888028
461.549613164865,-75.73209319181842,571.4904687663341,-34.208762409650646
461.5496066301829,-75.73209958575262,571.4904686947528,-34.2087624788173
458.1196669464925,-75.78378542658811,569.5038172474425,-35.60036487436186
458.11965933068973,-75.78379287833059,569.5038171641195,-35.600364955099145
454.7263887906923,-75.82568422929853,567.5337163664918,-36.981643346500995
454.72637985533055,-75.82569297223017,567.533716268895,-36.981643441334214
451.367306109893,-75.85992592165667,565.5799372153344,-38.35270518378472
451.36732060974464,-75.85991173093362,565.5799373719034,-38.35270503122513
448.040547924497,-75.88806254507745,563.6422610073467,-39.713650537772295
448.0405678742699,-75.88804302034532,563.6422612223326,-39.71365032771742
444.7446071750075,-75.9112943077912,561.7204763547609,-41.06457487196216
444.74462064441286,-75.91128112540218,561.7204764997418,-41.06457472992682
441.47827108292614,-75.93053762132513,559.8143784040456,-42.40556969979427
441.47828308493155,-75.93052587383454,559.8143785324364,-42.40556957367033
437.61617110925937,-75.94922374987846,557.5590381967783,-43.99364333764043
437.61618680225894,-75.94920838896769,557.55903836404,-43.99364317281341
433.79356776056323,-75.96404086686789,555.3254435773542,-45.56783494992311
433.7935893185822,-75.96401976408515,555.325443806284,-45.56783472361673
430.00939856931814,-75.97559078489212,553.1132744205908,-47.12828506638042
430.00941108232075,-75.97557853578792,553.1132745531048,-47.12828493499614
426.2627480238977,-75.98433919777563,550.9222182477813,-48.67513102610789
426.2627575494924,-75.98432987267643,550.9222183483088,-48.675130926139936
422.55285298240005,-75.99061018689099,548.7519701149462,-50.20850694565505
422.55286095372617,-75.99060238253969,548.7519701985386,-50.208506862272785
418.87904476770393,-75.99464271538864,546.6022318376497,-51.72854435455714
418.87904902558853,-75.99463854703117,546.6022318824147,-51.728544309795
414.23535905087175,-75.996830694246,543.8841836657639,-53.65199392064614
414.23536593002166,-75.99682395597938,543.8841837359187,-53.651993849917616
409.6484967621874,-75.99593511245757,541.1985644726243,-55.55413259797933
409.6484981380051,-75.99593372745403,541.1985644661202,-55.554132600661056
405.1174167025482,-75.99215738083785,538.5447943486212,-57.43522026523508
405.11740213770486,-75.99217157189514,538.5447941591405,-57.435220449540445
400.64111449669684,-75.98568052332666,535.9223074828824,-59.295512462858895
400.64110438987683,-75.98569034746106,535.9223073388607,-59.295512601522816
396.21867699361565,-75.97661546160452,533.3305523365461,-61.13525988132596
396.21867257647614,-75.97661971487014,533.3305522516995,-61.13525996035324
391.1043414181848,-75.96283216349775,530.3322211365632,-63.26504755488073
391.1043378975258,-75.96283660535846,530.3322216381991,-63.2650471353149
386.0613487945102,-75.94578622079325,527.374495390126,-65.36736037482257
386.061360042667,-75.9457805086754,527.3744983703062,-65.36735781896387
381.0883898688634,-75.92559071857522,524.4565582454296,-67.442577657991
381.08840536328574,-75.92558179436992,524.4565617742953,-67.44257461663967
376.18417687297745,-75.9023577149037,521.5776103808594,-69.49107579297824
376.18418797645916,-75.90235292273064,521.5776137683919,-69.49107286920206
370.22162149480766,-75.86964733238801,518.0754355489443,-71.9841667217486
370.2216330092749,-75.86964371816066,518.0754397824486,-71.98416305501304
364.359701071618,-75.83265528033053,514.6301117624714,-74.43775541052285
364.35968958303965,-75.83266058166828,514.6301084532885,-74.43775828858057
358.5961587525469,-75.79156922061202,511.2402497003795,-76.85252172722056
358.59615051965557,-75.79157457415704,511.24024816530294,-76.85252307149027
352.92886753668745,-75.74655633216253,507.9045314815641,-79.22910761271412
352.92886870086954,-75.74655484595951,507.90453130708653,-79.22910776025748
347.3557617889831,-75.69776320217443,504.6216732701825,-81.56814827902497
347.3557611485688,-75.69776349359017,504.62167308346903,-81.5681484413101
341.39765576504914,-75.6405740283958,501.108992981347,-84.07076318790207
341.39765228633564,-75.64057702212722,501.1089927250402,-84.07076341657732
335.5460881423047,-75.57929077366225,497.65584649313234,-86.53046757716535
335.546088051216,-75.57929037820031,497.6558462330362,-86.53046780361987
329.79862418108786,-75.51408677742074,494.2607377512489,-88.9480267927402
329.79862486804996,-75.51408565717338,494.2607375193132,-88.94802699408984
324.1529003486874,-75.44513211931189,490.9222211273527,-91.3241886593534
324.15289833640975,-75.44513366259707,490.92222087961363,-91.32418888060681
318.6066182164707,-75.3725966183174,487.638899056464,-93.65968422167593
318.60661730121825,-75.37259710410353,487.63889882910104,-93.65968442377925
314.57560033438716,-75.31685548279256,485.2502147835269,-95.35775896634719
314.5756015088105,-75.3168548626195,485.25021507362214,-95.35775870219213
310.59666923791144,-75.2593085159333,482.8903312247023,-97.03435347085761
310.59667347922493,-75.25930767212913,482.89033300691136,-97.03435185555729
306.6689771949991,-75.20001526673241,480.5587354253428,-98.68974296361124
306.6689821399529,-75.20001433968673,480.5587375301608,-98.68974105052115
302.791690153735,-75.13903303319012,478.2549239188781,-100.32420073195298
302.7916950369163,-75.13903207394151,478.2549259714681,-100.32419886061032
294.00674932124866,-74.99172192624656,473.026739494929,-104.02826824743379
294.00678377398316,-74.9917144402184,473.02675355375897,-104.0282553395574
285.4778092356096,-74.8363051051524,467.9389619729427,-107.62484763218075
285.477794566554,-74.83630289402981,467.93895316929456,-107.62485570871074
277.19551222463326,-74.6733798901937,462.985998933823,-111.11710681899606
277.1954715345039,-74.6734000338256,462.9859882722992,-111.11711670396969
269.15102092357847,-74.50354639611078,458.1626111804806,-114.50804386079139
269.1510056699691,-74.50355717659022,458.1626088586603,-114.50804601210096
261.33595357949383,-74.32734256526828,453.4638383759196,-117.80054223115748
261.3359748588848,-74.32731768944222,453.4638364815101,-117.80054393318304
253.7423412560533,-74.14520003997723,448.88494821348337,-120.99740691745285
253.74234161893412,-74.14519595444972,448.8849462797036,-120.99740870631977
246.36254326522177,-73.95757126937724,444.4214532414193,-124.10133870682021
246.36248989113994,-73.95762016860317,444.4214509768625,-124.1013409171194
246.36251337265807,-73.95759715325312,444.42145119456063,-124.1013406686494
239.1890770347249,-73.76506204067255,440.0690865944228,-127.11494751902534
239.18915245320292,-73.76498473802712,440.06908554583555,-127.11494835460546
239.18911538696682,-73.76502115366975,440.06908524633326,-127.1149487056967
236.54175806904408,-73.69129057783766,438.4591807524893,-128.2261321056076
236.54174402261035,-73.69130439550418,438.4591806472781,-128.2261322291636
233.9222269984586,-73.61698532449736,436.8642268845809,-129.32501456162493
233.92224275655738,-73.61697106291558,436.8642276348489,-129.3250138153759
231.33026663249794,-73.54203035740511,435.2840205085137,-130.4117235186107
231.33026612987214,-73.5420322319942,435.2840212090295,-130.41172284716316
228.7654802537174,-73.46649158725995,433.7183594908066,-131.48638764982925
228.7654787081511,-73.46649446135189,433.7183601694286,-131.48638699992557
226.3180760994947,-73.39312051876504,432.2224268092975,-132.5112301910377
226.3180784240119,-73.39311943927896,432.2224274412616,-132.51122957797068
223.8953246646778,-73.31922739193033,430.7396572802749,-133.5251052236668
223.89532639685112,-73.31922681575634,430.7396578668827,-133.52510465427522
221.49692533896544,-73.24483142419695,429.26987988859025,-134.52812312542787
221.49692640483326,-73.24483149109483,429.26988046344496,-134.5281225675169
219.122584505288,-73.16994922774711,427.81292662212746,-135.52039288909236
219.1225858033091,-73.16994904824242,427.81292718900886,-135.5203923374573
212.66094624730124,-72.95984630259,423.83786077989,-138.21706822999874
212.66096284103423,-72.95984257872078,423.8378672845909,-138.2170618648359
206.37623737292333,-72.74642386631058,419.95678411537136,-140.83412287613746
206.37623284193208,-72.74642119891269,419.9567804696207,-140.83412642877593
200.26269961653466,-72.52996600420829,416.16641877443215,-143.37375315368917
200.2626802818301,-72.52997461561563,416.1664133694824,-143.3737584720367
194.31483880874862,-72.31076030559962,412.4636601597024,-145.83806104535415
194.31482956152016,-72.3107671985531,412.4636589726477,-145.83806221257444
188.5274062368847,-72.08907136914831,408.8455512009655,-148.22907359493246
188.52741607350197,-72.08905960273341,408.84555021345756,-148.22907453722217
185.2041901321855,-71.95791492048329,406.76082310236427,-149.5987180496955
185.20419445176233,-71.95791127516941,406.7608234345387,-149.59871770760694
181.9334891264606,-71.82601936712899,404.7037064400914,-150.94419794650184
181.9334881692665,-71.82602522654179,404.7037088949291,-150.9441954991208
178.71432495120044,-71.6934478768826,402.67366517072287,-152.26589234263983
178.71433236659792,-71.69344638700522,402.6736681268633,-152.26588937326014
175.54576791617063,-71.56022902055383,400.6701736183492,-153.56417668162476
175.5457781843047,-71.56022458542111,400.67017652212326,-153.56417375239744
173.68445663276924,-71.480684102346,399.4906996685728,-154.32555893345756
173.68445823018706,-71.4806838807317,399.4907003536649,-154.32555824274618
171.8405331302996,-71.40093507587153,398.3203330410803,-155.07886483490915
171.84053304490186,-71.40093564795734,398.32033328379435,-155.07886459093515
170.01381258479623,-71.32098986896608,397.15897107214494,-155.82416861838263
170.01381369637426,-71.32098944356585,397.1589714130464,-155.82416827310632
168.20411393950548,-71.24085390584924,396.0065120996281,-156.56154425427337
168.20411481988646,-71.24085369782733,396.0065124336113,-156.56154391589752
162.86116689093566,-70.99873064734993,392.5924790472931,-158.73258150900753
162.86117517365838,-70.99873201426362,392.5924838342711,-158.7325766463491
157.66579481548507,-70.7551553473536,389.25545001963764,-160.83449985679897
157.66578003706144,-70.75516472276149,389.25544734453393,-160.834502584711
152.6133169269567,-70.51032339892572,385.99286129210014,-162.8692209662177
152.6132977320729,-70.51033409779848,385.9928570921953,-162.86922526232394
147.69926325685788,-70.26442356859434,382.80227607716154,-164.83858925170932
147.69926817892855,-70.26441700108307,382.80227525154373,-164.8385900715321
142.91938211860253,-70.01760229370575,379.6813685567749,-166.7443841444666
142.91939227479781,-70.01759064120279,379.68136780230316,-166.74438488630256
140.44631348674832,-69.88684241422106,378.0595471058349,-167.7263912048655
140.4463119012186,-69.8868442813,378.0595472446982,-167.7263910621796
138.00896062558368,-69.75589435721304,376.4562363252702,-168.69138134247348
138.00895970102002,-69.755898017047,376.45623767200874,-168.69137995394172
135.60674283303507,-69.62478324170661,374.87112505158757,-169.6395989768459
135.60674969474664,-69.6247797361275,374.87112669560395,-169.63959726472982
133.2391054913464,-69.4935154716336,373.30390725824384,-170.57128629526383
133.23911087642108,-69.49351334885023,373.3039088559269,-170.5712846306556
130.81585691156,-69.35702587642481,371.6946647322246,-171.52178194423982
130.81585918880143,-69.3570270952523,371.69466644579023,-171.5217801617365
128.42869810491914,-69.22041737733934,370.10407736887424,-172.45496188661576
128.428701643507,-69.22041745862998,370.1040791404743,-172.45496003833733
126.07703371958212,-69.083707570544,368.5318250658127,-173.3710837756866
126.07703856182161,-69.08370627447994,368.53182679857923,-173.37108196227769
123.76027999493473,-68.94691358298815,366.9775947088052,-174.27040113088233
123.76028401303631,-68.94691302379215,366.9775963980129,-174.27039936118445
118.01132113603097,-68.59813014930069,363.09696384015933,-176.48751255482767
118.01135157932974,-68.59813075300053,363.0969789732525,-176.4874966409222
112.47620309186256,-68.24921495872331,359.3265245975411,-178.60110654695524
112.47618098952663,-68.2492179080441,359.3265152527606,-178.60111635518987
107.14610983509901,-67.90042201395863,355.6616144779604,-180.6150826289028
107.14607129272426,-67.90043499387366,355.6616020414262,-180.61509575482827
102.01276917419779,-67.55199367350542,352.097880655524,-182.53311780782082
102.0127448818829,-67.552011972316,352.0978777411735,-182.5331208869746
97.0683229594787,-67.20416490282787,348.6312137934144,-184.35872593110784
97.06832261434081,-67.20415988195555,348.6312111706932,-184.35872867439681
94.9264094278636,-67.04959492572243,347.11844806064187,-185.14244370705583
94.92641764758616,-67.04958703607872,347.11844821128466,-185.14244352761978
92.81980691459776,-66.8951748813447,345.6237995527966,-185.90881775685412
92.81980326978552,-66.8951819678091,345.6238012204421,-185.90881598284747
90.74785981525886,-66.74095007076176,344.1469435638803,-186.6581336778597
90.7478607535733,-66.74095321000095,344.1469455334929,-186.65813156991865
88.70995904742782,-66.58692978996442,342.68756184712703,-187.3906730097348
88.70996859045452,-66.5869243826046,342.6875638361214,-187.39067086306227
87.46914467092131,-66.49198579223594,341.79558851224704,-187.8344580490898
87.4691466897084,-66.49198485258012,341.79558903137337,-187.83445748908485
86.24092755038714,-66.39712585406642,340.91007827504643,-188.27202487059287
86.24092644354943,-66.39712736216325,340.91007846951544,-188.27202466380277
85.02516880316338,-66.30235667955048,340.0309613275535,-188.70343584483962
85.02516977629631,-66.30235626851118,340.0309615977635,-188.70343555295602
83.82173927787031,-66.20767640914664,339.15816859397825,-189.1287529069613
83.82174027692012,-66.20767596527912,339.15816886071593,-189.12875261851667
81.83133758461156,-66.04914277965236,337.7088261785514,-189.8283458142875
81.83133962575346,-66.04914322029344,337.7088273721166,-189.8283445260697
79.87459820841667,-65.89088466578914,336.2767516932663,-190.5112688190605
79.87460242176226,-65.89088471505193,336.276753741326,-190.5112666045118
77.95091897697685,-65.73291417596693,334.8616359389939,-191.17780278605014
77.95092384215192,-65.7329134371139,334.8616379195286,-191.1778006402628
76.05970741381702,-65.57524210339352,333.46317497718877,-191.82822545997823
76.05971202538672,-65.57524152638507,333.46317691247276,-191.82822336070097
71.45123132963326,-65.18081271234223,330.02390437062394,-193.39186032864845
71.45126646721218,-65.18081236733224,330.0239210358372,-193.39184220129277
67.0349965939877,-64.78850133093601,326.68328157134874,-194.85978364642503
67.03497255420652,-64.78850368300982,326.68327117109453,-194.8597949338782
62.802499350469475,-64.39843941715026,323.4369864105107,-196.23604764289098
62.80244866918625,-64.39846141978023,323.4369726960206,-196.2360626070541
58.745791591610384,-64.0107531365129,320.28099914250583,-197.52445441438255
58.74573370374671,-64.01080378581128,320.28099570804477,-197.52445821848679
58.745776455867706,-64.01076184794192,320.2809960619845,-197.5244577581749
61.77211585826765,-64.30129427896418,322.63966385650974,-196.5662537192779
61.77211021502842,-64.30129967733592,322.6396637434721,-196.56625385110777
60.75259896449927,-64.20432596424462,321.84793744885206,-196.89101252010818
60.752615498459704,-64.20430988149747,321.84793765167,-196.89101227171284
59.743876008164875,-64.10746431897678,321.0617349123088,-197.21039458516714
59.743861115362336,-64.10747889121922,321.06173477105676,-197.2103947644752
58.74574779710588,-64.01079045575216,320.28099606267534,-197.5244578098173
58.74574715266496,-64.01079108541808,320.2809960561221,-197.52445781803905
57.75813408555979,-63.914271183959954,319.50566296256005,-197.8332576930403
57.758142563313186,-63.91426284365025,319.5056630212573,-197.83325761429387
56.83934304396888,-63.823676692145455,318.7817792791513,-198.11875954303696
56.839340003042516,-63.82367973948931,318.78177928468,-198.11875954214818
55.92963557141949,-63.73323146862958,318.06257314531456,-198.3997061052655
55.9296335454103,-63.7332337653379,318.06257327613747,-198.39970596538927
55.02892536382032,-63.64293059664078,317.34799816250955,-198.67614220204845
55.02892672946348,-63.64292961725823,317.34799834566786,-198.67614199894615
54.13712594256421,-63.55276986986382,316.6380082730319,-198.94811246060388
54.137126632199084,-63.55276955071304,316.6380084491616,-198.94811226624947
53.16108755020045,-63.45322275779836,315.85806607493305,-199.24375576693424
53.16108764244515,-63.45322313993847,315.85806630103036,-199.24375551864674
52.19571172218514,-63.35385439155516,315.0836158723123,-199.534049758572
52.19571225767234,-63.35385439618676,315.08361612930844,-199.53404947544934
51.24087967442461,-63.2546652831752,314.3145978070984,-199.81905284949858
51.2408803567464,-63.25466512962748,314.3145980584889,-199.81905257211503
50.29647323740883,-63.155656688009,313.55095278289974,-200.0988228574819
50.29647377636255,-63.155656668691336,313.5509530299765,-200.0988225849226
47.17092657066061,-62.82137737146286,311.00137873946875,-201.00907479734528
47.170937644779826,-62.821376854453774,311.00138375401536,-201.00906925478176
44.159464464122806,-62.48923941954672,308.5106996141336,-201.8619957304641
44.1594628179611,-62.489235501693656,308.5106969632179,-201.86199864356317
41.25781764632541,-62.15928020533738,306.0767930979654,-202.6596952463026
41.257812450457465,-62.15927554525706,306.0767884108186,-202.65970041510408
38.46193173638315,-61.83152722027671,303.6976462298317,-203.40418727317186
38.46192416612092,-61.83153236180942,303.69764507640434,-203.404188548474
35.76793136887915,-61.506010978093855,301.3713433331928,-204.09740098621978
35.767910365163004,-61.50602939344935,301.37134211639545,-204.0974023577831
33.11729512432791,-61.17585329748408,299.0476690667308,-204.7545206449188
33.11729120446702,-61.17585329748408,299.0476651468699,-204.7545206449188
33.11701716028841,-61.176045983118,299.047632803814,-204.75456966040758
33.11748689837074,-61.17566152344125,299.0476690667308,-204.7545206449188
33.11728847603169,-61.17585698212224,299.04766765992264,-204.7545222017687
30.565202063076384,-60.84812693798085,296.77533258163834,-205.3620035805811
30.565233250288316,-60.8480907782814,296.7753301871933,-205.36200615862356
28.108132036892073,-60.52270770043833,294.55253621267866,-205.92169647534826
25.742423606586186,-60.199757443676845,292.377559193349,-206.43537814308596
23.464748182716136,-59.87924712452923,290.2487551327551,-206.90475982550973
21.271903518147155,-59.56115267256109,288.1645464197963,-207.33149022908805
19.16078004295133,-59.24548234479289,286.1234206042185,-207.71715821647427
17.128384636530143,-58.93224815922622,284.12392750753787,-208.0632947117815
14.710359308144943,-58.54674235471521,281.69734020157733,-208.44023853871718
12.40403694940099,-58.164974061639896,279.3302412285692,-208.76123021752832
10.204448005308251,-57.786915816896,277.02021779553047,-209.02885397332622
8.10683965906199,-57.41255882001724,274.76497634513515,-209.24557786605592
6.1066958063244385,-57.04186974238155,272.56233049481636,-209.41376494611038
4.199686467319566,-56.67483452330316,270.4101969308497,-209.53567594022695
1.6834045237337705,-56.16804841210978,267.4840403369866,-209.63258740114304
1.683400187071527,-56.16804841210978,267.48403600032435,-209.63258740114304
1.6831264759765645,-56.168241383493296,267.4840043487914,-209.63263648932156
1.6835966581479627,-56.16785627769559,267.4840403369866,-209.63258740114304
-0.6696333221816531,-55.66824059130795,264.64754000369703,-209.64893273457074
-0.6696286490252135,-55.668238950122486,264.64754144116614,-209.64893114006887
-2.8693235789754117,-55.17530220441586,261.89592611494373,-209.5899474895033
-4.92495173858353,-54.68913179016681,259.22473166648757,-209.4605516149043
-6.845225309603165,-54.20962490482225,256.62976950938054,-209.26536991416145
-8.63830140188162,-53.73666784426632,254.10711429977343,-209.00874785738873
-10.756402573896905,-53.141695720632924,250.98320155481574,-208.59790840807972
-12.69412570431308,-52.556981285777056,247.9641983144323,-208.10134273296833
-12.694116836616528,-52.55698205448198,247.96420287323934,-208.1013376553739
-14.46516481539922,-51.98228370544939,245.0435040826448,-207.52638519259463
-16.082140762544043,-51.41734327929271,242.2150175307024,-206.87981501395373
-17.556744913232507,-50.8619356715576,239.47309193434018,-206.16790117601508
-18.899706168665375,-50.315773484414876,236.81250240936976,-205.39643509362025
-20.121065308993366,-49.77870189328769,234.22840759168346,-204.57077100738914
-21.229849664970743,-49.25031468860652,231.71632071200617,-203.6958556883704
-22.23490798016246,-48.73071587812774,229.27207498925804,-202.77626709129277
-22.05060678216836,-48.82929804482956,229.7338355768077,-202.9551443141465
-22.807248141215922,-48.41348414649474,227.7936884740379,-202.1874524687591
-22.661328371676635,-48.49594339948226,228.17714488923102,-202.3425298614254
-23.233383023215595,-48.16625174433284,226.64658773326164,-201.7137190121444
-23.768486286367136,-47.83994934091652,225.1412105091598,-201.06974745461042
-24.268288852718854,-47.51679211150986,223.66010320033556,-200.41159994154455
-24.734778495049795,-47.196956812883855,222.20239456093236,-199.7402162430983
-24.706273577340284,-47.21707466523412,222.29380434820513,-199.7830032603113
-24.3582307119739,-47.45666721338921,223.38522271279206,-200.28678621137675
-24.358235808752482,-47.45666721338921,223.38521761601348,-200.28678621137675
-24.35850860180952,-47.45685963731148,223.38518619579366,-200.2868351602917
-24.358038995211047,-47.456475496626354,223.38522271279206,-200.28678621137675
-24.358236655358468,-47.45667306645146,223.38522267447004,-200.28678626337705
-24.446992991568436,-47.3966370272683,223.11115795343758,-200.16151391773772
-24.44698366721647,-47.39662785081464,223.1111580164818,-200.16151383288363
-24.534583908029273,-47.33669873463214,222.83790360014433,-200.03578877354147
-24.62104369323873,-47.27688076714003,222.5654539883023,-199.909616914401
-24.706381297373266,-47.217180880454634,222.29380371534373,-199.78300413226236
-24.862813194121344,-47.10596385560166,221.78847809463,-199.54532743314968
-24.862818322941532,-47.10596385560166,221.7884729658098,-199.54532743314968
-24.86309107187165,-47.10615623609101,221.78844153523477,-199.5453763710154
-24.86262151556636,-47.105772177046674,221.78847809463,-199.54532743314968
-25.01541941678275,-46.99513871472391,221.28588847519399,-199.30616917725283
-25.16426499332317,-46.88470063494378,220.78600108647686,-199.06556544485625
-25.30942080218375,-46.77465135700004,220.28878248286017,-198.82355192804388
-25.538262792464536,-46.59612080391071,219.48404622320567,-198.4261882117595
-25.53826796809477,-46.59612080391071,219.48404104757543,-198.4261882117595
-25.538540652098447,-46.59631311884141,219.48400959969246,-198.4262371329495
-25.538071171869376,-46.59592918331555,219.48404622320567,-198.4261882117595
-25.5382592936746,-46.59612190830785,219.4840484163437,-198.42618580171046
-25.757755405077404,-46.418607111909296,218.68617239685943,-198.02532069002754
-25.757749476032725,-46.41860841447169,218.686175843478,-198.02531690503903
-25.968168097273434,-46.24210039780337,217.89502537209324,-197.6210930715633
-26.169762990324585,-46.066589663666946,217.11047234471033,-197.21364567136797
-26.531015977362046,-45.734318250085835,215.63080570411577,-196.42750343139198
-26.531021232747833,-45.734318250085835,215.63080044872999,-196.42750343139198
-26.531293805020397,-45.73451044793728,215.6307689657155,-196.42755232279862
-26.530824461004073,-45.73412673372786,215.63080570411577,-196.42750343139198
-26.530984476019654,-45.734318314835036,215.63082077352774,-196.42748693471236
-26.454048440143794,-45.80718090188839,215.95466223443,-196.6015297726854
-26.454031798255787,-45.80718096556666,215.95467020808894,-196.60152104077807
-26.720154162872433,-45.54992658901938,214.81277390300252,-195.98300147685558
-26.96888989514659,-45.29479620622169,213.68439659264524,-195.35849028157014
-26.96890298478488,-45.29479668423619,213.68439057459292,-195.3584968751416
-27.201008693785838,-45.04176121315595,212.5691469129696,-194.72839439359947
-27.4172130033254,-44.79079032061463,211.4666637341079,-194.09308641681866
-27.666467255189275,-44.47948996104742,210.10402969424985,-193.2910069883917
-27.893133440343206,-44.17132411041621,208.7601897744891,-192.4819991044161
-28.09843294896723,-43.866239776689326,207.434510762328,-191.6667039346059
-28.28352329616348,-43.56418377124328,206.12638865860967,-190.84572818352987
-28.44949970612089,-43.26510440809216,204.83524881639482,-190.01964411442356
-28.665090541187023,-42.821481013702396,202.92714549736328,-188.77075502484792
-28.66509607222426,-42.821481013702396,202.92713996632605,-188.77075502484792
-28.66536825084367,-42.82167276303653,202.92710831435392,-188.77080380216105
-28.664899429943002,-42.821289902458375,202.92714549736328,-188.77075502484792
-28.665099629893774,-42.82148103394093,202.92714116914584,-188.7707597650987
-28.843217490239912,-42.38429320510704,201.05434970323412,-187.513273988367
-28.8432211591865,-42.38429335415958,201.05434802393,-187.51327582895692
-28.986924384602474,-41.95338319573921,199.21522928740873,-186.248770476272
-29.099010094710305,-41.52859817167155,197.40826754414442,-184.97867946718318
-29.098997739577044,-41.528598308639175,197.40827352533324,-184.9786729562711
-29.182076392349785,-41.109792039862896,195.63204163161257,-183.70432598409946
-29.238536980311494,-40.69682400353713,193.88521799276492,-182.42693096953928
-29.277280572215346,-40.12137040698917,191.45786249217048,-180.61377265739665
-29.277286367529825,-40.12137040698917,191.457856696856,-180.61377265739665
-29.277558164118407,-40.121561678502076,191.45782482754493,-180.61382131316125
-29.277089898558785,-40.12117973333261,191.45786249217048,-180.61377265739665
-29.272776488485448,-39.55699872123432,189.08380822318483,-178.79958599043596
-29.272769445334973,-39.556998322048,189.08381141365015,-178.79958253693712
-29.23014604368595,-39.00335968499803,186.76009728649203,-176.98688364517994
-29.23013309837728,-39.00335986636719,186.76010360403666,-176.98687683604675
-29.153969946574907,-38.46012308058107,184.48403368534696,-175.1778805513408
-29.048348451433213,-37.92697454233348,182.25315459012023,-173.37452849921996
-28.91694265945793,-37.40361534335534,180.06521191992871,-171.5785392360313
-28.73500490024523,-36.80387963687508,177.55936732615112,-169.49049258952127
-28.52688538456198,-36.216704723208295,175.10641753710533,-167.416598198459
-28.296611680964475,-35.64168624939384,172.70367545144072,-165.35860088301135
-28.047708258564654,-35.07844034304071,170.34870727469036,-163.3179751902143
-27.78326025831967,-34.52660698709906,168.03930505814003,-161.29595832936064
-27.505952595899714,-33.985839324457174,165.77346409336965,-159.2935773648122
-27.2181345840101,-33.455818459162856,163.54936005495526,-157.3116761798025
-26.921835101042774,-32.93622307416172,161.36532794183037,-155.35093996871143
-26.61885284344976,-32.42677933217237,159.21984340099894,-153.41191691227633
-26.268727955607147,-31.860384411379528,156.82932501930338,-151.237668563531
-26.268734615399666,-31.860384411379528,156.82931835951086,-151.237668563531
-26.269005194171996,-31.860573962092076,156.82928554947742,-151.23771678155734
-26.268538879650833,-31.860195335423214,156.82932501930338,-151.237668563531
-26.268733195179948,-31.86039623000397,156.82932827273632,-151.2376652379123
-25.91394412129651,-31.306340478772654,154.48480879688987,-149.09241243941372
-25.913926098312118,-31.306331583978135,154.48481330003878,-149.09240781437276
-25.556075519924633,-30.764202269890575,152.18458963282947,-146.97646288286353
-25.19658122127487,-30.233672702190688,149.92710350574816,-144.89001202483234
-24.836626124307656,-29.714393907499925,147.71091326165669,-142.83314547846442
-24.477204914129686,-29.206039356326983,145.53469349432788,-140.8058590521306
-24.065294420558416,-28.634092202698866,143.07788561233056,-138.5090878301901
-23.65626980670109,-28.07577820498409,140.670675202463,-136.25116680418
-23.250973194376456,-27.530660112111036,138.31146740506082,-134.03178048732624
-22.850114548999187,-26.99835525317667,135.99878236927682,-131.85054166509934
-22.454200572829905,-26.478436428878922,133.73124123206236,-129.70700537601334
-22.063733841619424,-25.970606293419678,131.50755382660088,-127.60068137480063
-21.61743640068907,-25.395465921690175,128.97887337594238,-125.20084385494128
-21.61744380116143,-25.395465921690175,128.97886597547003,-125.20084385494128
-21.61771342389048,-25.39565394721194,128.97883220830903,-125.20089168498757
-21.61724875358986,-25.395278274590964,128.97887337594238,-125.20084385494128
-21.61747496893254,-25.39551005113708,128.97887624296212,-125.20084116075758
-21.179381278885828,-24.835696050281513,126.50591447068892,-122.84959969929324
-21.17933893434214,-24.835663417638898,126.50591938604082,-122.84959490274406
-20.749541910561334,-24.290515346469874,124.08701269167604,-120.5460392557675
-20.749556739301383,-24.290538039397234,124.08701672917007,-120.54603542907422
-20.32829928755804,-23.759654292607593,121.72059294332648,-118.28923793827693
-19.915640126889414,-23.24255349224586,119.40516804482847,-116.07825467947202
-19.511583350509497,-22.738766842867335,117.13932639088411,-113.91214289852627
-19.062016976712897,-22.180882579737045,114.61816260120257,-111.49929699817842
-18.623501891853365,-21.639146142629215,112.1576481996819,-109.14200394890605
-18.19585791866386,-21.112954155642,109.75598666025684,-106.8388904232787
-17.778967739278386,-20.6018250774423,107.41146244920533,-104.58860511104142
-17.372507296160208,-20.105123375788025,105.1224358381716,-102.38981975854378
-16.976462269127737,-19.622557438526655,102.88733214344501,-100.24123697404609
-16.590212931082533,-19.153278978596973,100.70464667158518,-98.14158062407074
-16.669564019617766,-19.249587088045246,101.15341081655905,-98.57338774813157
-16.369109757146816,-18.88513580460085,99.45167595379301,-96.93564990633898
-16.074530203997867,-18.528550736564284,97.78143037648336,-95.32740984391694
-15.785749684693942,-18.17966140341923,96.14198811633148,-93.74807639760618
-15.843370713368174,-18.249221529815713,96.46923645468297,-94.06338563823543
-16.02798645693332,-18.472277279349782,97.51742964565506,-95.0731388232386
-16.027994724199885,-18.472277279349782,97.51742137838849,-95.0731388232386
-16.028263354541963,-18.472463540044828,97.51738638985093,-95.07318620434806
-16.027800471496846,-18.47209129391331,97.51742964565506,-95.0731388232386
-15.981631630333752,-18.4162407249255,97.25421249267865,-94.8196033980869
-15.935426353020716,-18.36040150643157,96.99177626352422,-94.56680111011336
-15.889363854897766,-18.30475257697799,96.73011827189308,-94.31472954981285
-15.843454974274707,-18.249304238968307,96.46923571811716,-94.06338645342356
-15.752087133138886,-18.138997291143824,95.94978626412357,-93.56287610611864
-15.752095444341066,-18.138997291143824,95.9497779529214,-93.56287610611864
-15.75236402812368,-18.139183463370046,95.94974289996958,-93.56292346472321
-15.751901231205395,-18.138811389210332,95.94978626412357,-93.56287610611864
-15.661312559548705,-18.029467963203842,95.43340657577495,-93.06525117211982
-15.571120762065064,-17.92070336801089,94.9200755678259,-92.57049296188008
-15.48151173147383,-17.812700955889795,94.40977221270118,-92.07858298828522
-15.346320952451293,-17.649871231083125,93.63932384069147,-91.33577356205964
-15.346329328536212,-17.649871231083125,93.63931546460655,-91.33577356205964
-15.346597844220668,-17.650057272849153,93.63928031610592,-91.33582088747744
-15.346135173688396,-17.649685452320227,93.63932384069147,-91.33577356205964
-15.34632189053805,-17.64987204718409,93.63932413071457,-91.33577397406853
-15.212457021157093,-17.48876973456845,92.8757599227978,-90.59944720938644
-15.212457937142787,-17.488770467778068,92.87576035356395,-90.59944782292867
-15.079905181221335,-17.32937382023465,92.11900903234245,-89.86954039332913
-15.079905716932984,-17.329374151017873,92.11900951378819,-89.8695410797033
-14.948650646797077,-17.17166110445305,91.36900062062233,-89.14599016296636
-14.64717087726136,-16.809869864043776,89.64375652265909,-87.48105753587667
-14.647179365913116,-16.809869864043776,89.64374803400733,-87.48105753587667
-14.64744776533908,-16.81005568000728,89.64371271852427,-87.48110480385607
-14.646985311784064,-16.80968429856648,89.64375652265909,-87.48105753587667
-14.647174695790142,-16.80987211550473,89.64375966962916,-87.48106224991457
-14.738882374177933,-16.919860472530672,90.16895952953305,-87.98798143118032
-14.738890848006832,-16.919860472530672,90.16895105570416,-87.98798143118032
-14.73915926260814,-16.92004631818918,90.16891576229413,-87.9880287067131
-14.738696780645,-16.91967487899774,90.16895952953305,-87.98798143118032
-14.738883874733276,-16.91986137066351,90.16896075377402,-87.98798325784378
-14.53242117132696,-16.67232814736053,88.98611779578248,-86.8462108197489
-14.329207448785041,-16.428976856625468,87.82018896784004,-85.72041955999961
-14.329206468439665,-16.428976202410013,87.82018806938237,-85.72041833541202
-14.12918192595572,-16.189720374952685,86.6708942640229,-84.61035581502594
-14.129181237123987,-16.189719941442036,86.67089356914538,-84.61035486482733
-13.932289510963741,-15.954477238674372,85.5379617878892,-83.51577406017857
-13.697432815483339,-15.674217187397517,84.18441265947578,-82.2076282875616
-13.467013400400191,-15.39961184960248,82.85410996168795,-80.92151151248567
-13.240935229635413,-15.130524861015147,81.54659751043398,-79.65700787905425
-13.019105154747592,-14.866824625978552,80.2614299370865,-78.41371046585554
-12.80143075291916,-14.608381961302257,78.99817257843404,-77.19122137005094
-12.44276377750829,-14.183223663144418,76.91189901070648,-75.17143912507035
-12.44277262795603,-14.183223663144418,76.91189016025874,-75.17143912507035
-12.443040669917409,-14.183408758033238,76.91185429773712,-75.17148620962129
-12.442578893965576,-14.183038779601702,76.91189901070648,-75.17143912507035
-12.44276186180845,-14.183222055314673,76.91189850138574,-75.17143830787951
-12.095291458821151,-13.77214710537146,74.88500866772884,-73.20815302117853
-12.095290673087874,-13.772146611586322,74.88500847941036,-73.20815254091191
-11.758616260408601,-13.374605397841606,72.91559262778685,-71.29960349035385
-11.758615190433334,-13.37460427967244,72.91559334687388,-71.29960425763477
-11.432349125520702,-12.990069396823856,71.00181584167824,-69.44409557037508
-11.116121777038927,-12.618039831868373,69.14191140976989,-67.63999335494044
-10.80957833628132,-12.25803830992163,67.33417786929257,-65.88571789565226
-10.413924617332349,-11.79431539508414,64.99387842244072,-63.613487644688924
-10.413933810823941,-11.79431539508414,64.99386922894912,-63.613487644688924
-10.414201536716007,-11.794499812929189,64.9938328332267,-63.61353455701352
-10.413740375235783,-11.794131152987575,64.99387842244072,-63.613487644688924
-10.413924420055288,-11.794315325066691,64.99387823446573,-63.61348732945432
-10.034222304021114,-11.350277837666454,62.74032050197435,-61.42426496832901
-10.034222746551102,-11.350278176535085,62.74032070913336,-61.424265279149374
-9.669735326077664,-10.924950894425365,60.56992971197237,-59.31471414362467
-9.319766728389268,-10.517416699619844,58.47930256638486,-57.281652595154284
-8.983655452679038,-10.126809719035919,56.465196551579865,-55.322042285222985
-8.660776261809076,-9.752314951917924,54.52452149681265,-53.432982806703805
-8.286374763240474,-9.318970124581938,52.266872471705575,-51.23427711036411
-7.9295445221969985,-8.906878096099717,50.107770147886924,-49.130436573984205
-7.9295459347592185,-8.906878608815987,50.10777061185775,-49.130437937800984
-7.5893518765197285,-8.514839651245438,48.04251135103914,-47.11702357631343
-7.264930699497222,-8.14174358704122,46.06664795831648,-45.18983507077248
-6.955436236726861,-7.786523392132949,44.175973160302306,-43.34488600489622
-6.660154434434332,-7.448256189791209,42.36650238945661,-41.57840063409974
-6.378216675140351,-7.125888479938567,40.63446567859171,-39.88679387379349
-6.109298432223326,-6.8189096403898475,38.97628241617927,-38.266671208012745
-6.109149216390634,-6.818764609683967,38.97628512963616,-38.26666973634283
-6.109175199681743,-6.818789501548963,38.976284575955376,-38.266670274088156
-6.170509696167507,-6.8887377214514345,39.35414582286899,-38.635917797585066
-6.170435645027801,-6.888665831074832,39.3541471961002,-38.63591701005317
-6.336124177805161,-7.077795544987566,40.3749645340042,-39.633293166821794
-6.3361340939082424,-7.077795544987566,40.37495461790112,-39.633293166821794
-6.336401227047418,-7.077978558115774,40.374917052880775,-39.63333972181242
-6.335941270144232,-7.077612637326638,40.3749645340042,-39.633293166821794
-6.336112844166478,-7.0777844995950545,40.37496468582496,-39.63329303039639
-6.294204120783434,-7.029934769511783,40.117195727488436,-39.38146507876009
-6.294244189116739,-7.029973856749621,40.11719522215056,-39.38146555451768
-6.252722545913478,-6.982563995893543,39.86114352053715,-39.13130207055708
-6.25267829581599,-6.9825207596022665,39.86114403179105,-39.13130156800477
-6.211407779702064,-6.935417254744607,39.60679875306251,-38.88278927801997
-6.170399716940409,-6.888630684454711,39.35414755950189,-38.63591659198759
-6.129739905294315,-6.842244198762728,39.1031772310423,-38.39067293757389
-6.076029715917905,-6.780990216598184,38.77157725208512,-38.066616751404844
-6.076039679760931,-6.780990216598184,38.771567288242096,-38.066616751404844
-6.076306777234536,-6.781173137953829,38.771529643770855,-38.06666328305156
-6.075846895607121,-6.7808073962874005,38.77157725208512,-38.066616751404844
-6.075997266468299,-6.780958446390741,38.771577591496204,-38.06661641157376
-6.022778547072072,-6.720288101300866,38.44290970367735,-37.74540014944856
-6.02276466968327,-6.720274567223896,38.44290987473795,-37.74539997719732
-5.970013602608567,-6.6601631597927735,38.11714636426204,-37.426996807077835
-5.917783954414595,-6.600661982638485,37.794259005034576,-37.111380976810686
-5.86604317985843,-6.541737728996395,37.47422072270954,-36.798526173571574
-5.814764178110849,-6.4833625248957105,37.157004714009986,-36.488406367225124
-5.710740307086026,-6.365005725128867,36.51306561766997,-35.85880019962713
-5.710750338319286,-6.365005725128867,36.513055586436714,-35.85880019962713
-5.7110173861806075,-6.365188517154365,36.51301782934762,-35.85884669837386
-5.710557609907184,-6.364823027950024,36.51306561766997,-35.85880019962713
-5.710771810693132,-6.365036643505846,36.51306531791716,-35.858800485104446
-5.60869224799444,-6.2489770169281655,35.88073214861339,-35.240447379679665
-5.608759185441706,-6.249042731521968,35.88073152736534,-35.24044798128508
-5.508681133546788,-6.135325503000786,35.25977900402705,-34.633134634573054
-5.410529309045812,-6.023866653138157,34.649988180115265,-34.03665083602292
-5.314196909929861,-5.914551089965698,34.05114489127397,-33.450790711238135
-5.219707540448226,-5.807391952414491,33.463038316198656,-32.87535390423239
-5.091996497911332,-5.662663194466404,32.667167873171564,-32.09650117661649
-5.092006644291182,-5.662663194466404,32.667157726791714,-32.09650117661649
-5.092273609379724,-5.662845766103146,32.66711977602405,-32.09654761930063
-5.091814010655234,-5.662480707210307,32.667167873171564,-32.09650117661649
-5.0919860556682295,-5.662653043546015,32.66716802650108,-32.096501038623295
-4.967582908483269,-5.521793474927108,31.890903018117196,-31.336692451673358
-4.967571966331029,-5.521782839114167,31.89090318611608,-31.336692313332943
-4.846370235997284,-5.38466494675049,31.13372941168073,-30.595434700927523
-4.728300468727873,-5.2511983512999905,30.395147212903055,-29.872249330330938
-4.61326823448772,-5.121269113940343,29.674671614350974,-29.16667073489835
-4.50118161474591,-4.994766783311206,28.971831688633845,-28.47824652006855
-4.291738252784992,-4.7586491076890525,27.656237832880464,-27.189326977976403
-4.29174854994065,-4.7586491076890525,27.656227535724806,-27.189326977976403
-4.292015410454411,-4.758831391870899,27.65618932895356,-27.18937334753707
-4.2915560395118995,-4.75846689441596,27.656237832880464,-27.189326977976403
-4.09252943989063,-4.53438923737167,26.402167408394543,-25.960307610913503
-4.092533980781859,-4.534393523802009,26.402167622091646,-25.960308079071496
-3.903017869792251,-4.3213365579640595,25.206586974572513,-24.788268286400704
-3.7226818389128837,-4.118865165798979,24.066626307724484,-23.670442980838388
-3.5510470452987555,-3.9264046805010366,22.979568218431965,-22.604210583229683
-3.3876628948522023,-3.7434162048407416,21.942839655174467,-21.587086345185927
-3.2321016193721057,-3.5693904307163393,20.954003056164428,-20.616714244820194
-3.083962683989771,-3.403851245484475,20.010748203084187,-19.690859641589483
-2.9428682671387243,-3.2463509799458734,19.110884828403393,-18.807402115596243
-2.7928058005850542,-3.0790197928604357,18.152252150681182,-17.8660381584058
-2.650656019076756,-2.920683663521686,17.242659838655566,-16.972632194210636
-2.5159764375528937,-2.77082345339295,16.379506731747124,-16.124659715907068
-2.3883524732918175,-2.6289538375817756,15.560338368822404,-15.319737004532445
-2.267392860725389,-2.494618818670915,14.782838177654293,-14.555612219708767
-2.1527330284233788,-2.367394008649626,14.044818783050975,-13.830157802824727
-2.0440246541629374,-2.2468760932451914,13.344214317608982,-13.141362878526728
-1.9409508669001863,-2.1326970610039098,12.67907271643314,-12.487326522329417
-1.8431928170824214,-2.02449157388628,12.047549437709629,-11.86625068090577
-1.7393890048554521,-1.9096812464658797,11.37605123987303,-11.205758998262603
-1.641517181104783,-1.801522815599128,10.742449702802322,-10.582444068307977
-1.5493781406375486,-1.699759641919627,10.144552929036426,-9.994171427754347
-1.5493889715299023,-1.699759641919627,10.144542098144072,-9.994171427754347
-1.5496554965893168,-1.699940918840639,10.144502963339129,-9.994217541087806
-1.5491968890436905,-1.6995783903257689,10.144552929036426,-9.994171427754347
-1.5493157283049188,-1.6996988992082152,10.144554436387917,-9.99417126548462
-1.4622697572228134,-1.6036536624028486,9.580309821627122,-9.438925916447086
-1.4623729610147131,-1.6037536010207987,9.580308682142391,-9.438928042136306
-1.479053772929486,-1.6221655241702138,9.68904453382177,-9.545932782581042
-1.4791079033392656,-1.6222179312853768,9.689043935521259,-9.545933907575147
-1.4122529057081756,-1.548462789100995,9.25420647402656,-9.11799659063374
-1.4121834046747583,-1.5483950196062324,9.254207468232376,-9.117995853300902
-1.4236121636189178,-1.560993329608209,9.328197195878065,-9.190816029888774
-1.4236230196576312,-1.560993329608209,9.328186339839352,-9.190816029888774
-1.423889530248626,-1.5611745594696913,9.328147160472124,-9.190862131251059
-1.4234309570177626,-1.5608121230070537,9.328197195878065,-9.190816029888774
-1.4235566338433365,-1.5609391428711206,9.328197950950837,-9.190815441923053
-1.3700753106956505,-1.5019759718006753,8.980932607038547,-8.849031945933522
-1.3701179915979331,-1.5020177596284157,8.980932146854315,-8.849032378823832
-1.3187066373437464,-1.4453570636055701,8.646725209596092,-8.520074783334268
-1.2693175024793923,-1.3909392577375002,8.325075628425012,-8.203453873166904
-1.269285132094243,-1.3909075306378327,8.325076019608375,-8.203453621064785
-1.221722194741563,-1.338529054112314,8.015504496654927,-7.898697637284176
-1.1759850856979108,-1.2881780049769986,7.717548535780903,-7.605355616501815
-1.1199929781606492,-1.2265613430827216,7.352493809652732,-7.24592544473066
-1.0666709266059842,-1.167913076460536,7.004849283746414,-6.903607133891862
-1.0159960267712647,-1.112190385103986,6.673770172956505,-6.577575814623784
-0.9675191000023844,-1.0589359483128646,6.358459302474827,-6.267042454164347
-0.9676967177565272,-1.0591092505228517,6.358457174832786,-6.267044642066462
-0.967652052011867,-1.0590657135207948,6.358457764381953,-6.267044102873025
-0.9792482373966481,-1.0718181423794704,6.434715995716624,-6.342146090733801
-0.9793327369145945,-1.0719005845544416,6.434714977656896,-6.342147130017049
-1.0084985307010923,-1.1039570610978444,6.6252543075356884,-6.529795777138936
-1.0085094701709885,-1.1039570610978444,6.625243368065792,-6.529795777138936
-1.008775933618038,-1.1041381350833035,6.625204040315381,-6.529841838850116
-1.0083174731661186,-1.1037760035628708,6.6252543075356884,-6.529795777138936
-1.0085130874340411,-1.103971279937923,6.625254132148366,-6.529795939644484
-1.0011834125973076,-1.0959091465906567,6.577092212664865,-6.482366478671516
-1.0011425211933105,-1.0958691967425693,6.577092704077611,-6.482366028528352
-0.9937875992787522,-1.087789544167208,6.52928453125174,-6.435282586363284
-0.9938204799915926,-1.0878216756850634,6.529284138797031,-6.4352829431035605
-0.9865471788267425,-1.0798288720093296,6.481825809192093,-6.388544116009506
-0.9793513947561278,-1.0719188377220235,6.434714759231756,-6.34214731626586
-0.9674276563341123,-1.0588171485028397,6.356886810063919,-6.265497317895192
-0.9674386041021057,-1.0588171485028397,6.356875862295926,-6.265497317895192
-0.9677050629280473,-1.0589982070041515,6.356836519743435,-6.265543375667331
-0.9672466136102598,-1.0586361057789873,6.356886810063919,-6.265497317895192
-0.9556489518794544,-1.0458762971143187,6.280007139729385,-6.1897797944945205
-0.9440276030879762,-1.0331080533387649,6.204063910676915,-6.114983460426126
-0.932549870624813,-1.0204987197130322,6.129045700829029,-6.04109685174081
-0.9156037876813432,-1.0018845078252525,6.018291480869745,-5.932010760725836
-0.9156147459226984,-1.0018845078252525,6.01828052262839,-5.932010760725836
-0.9158811989479547,-1.0020655467928918,6.018241161374082,-5.932056813529145
-0.9154227636430594,-1.0017034837869687,6.018291480869745,-5.932010760725836
-0.9156032292549324,-1.0018839364579435,6.018291893646171,-5.93201118644316
-0.8989684915827995,-0.9836142717063012,5.909552677837774,-5.824906897714272
-0.8989684532443354,-0.9836141964456147,5.909553272809152,-5.824907529607873
-0.8826392867588666,-0.965682574856146,5.802792123529141,-5.7197488354318615
-0.8826395481562858,-0.9656827890171371,5.802792780392568,-5.719749539531716
-0.8666105622887379,-0.9480831121072697,5.697973281236418,-5.6165007314178865
-0.8666107670984395,-0.9480832720737453,5.69797393963627,-5.6165014346609645
-0.8210436235878413,-0.8980639220999365,5.39988396608869,-5.322863667576595
-0.8210546009683171,-0.8980639220999365,5.399872988708214,-5.322863667576595
-0.8213210434279484,-0.8982449253835512,5.399833593258175,-5.3229097113025725
-0.8208626336851674,-0.8978829321972626,5.39988396608869,-5.322863667576595
-0.8210455411145442,-0.8980653567550689,5.399892029974165,-5.32287221433364
-0.8382453459936121,-0.9169440029268117,5.512432007966211,-5.433733351033012
-0.8382563198898465,-0.9169440029268117,5.512421034069977,-5.433733351033012
-0.8385227642700751,-0.9171250127064923,5.512381644848523,-5.433779396412106
-0.8380643498790894,-0.916763006812289,5.512432007966211,-5.433733351033012
-0.8382459106875642,-0.9169444234066759,5.512434286153919,-5.433735773434807
-0.8608611048345818,-0.9417707413194876,5.660369607684224,-5.579459971199318
-0.8608720741515565,-0.9417707413194876,5.660358638367249,-5.579459971199318
-0.8611385210549294,-0.941951759634776,5.660319257329235,-5.579506018749388
-0.8606801005527966,-0.9415897370377024,5.660369607684224,-5.579459971199318
-0.8551500727462908,-0.9355009021328442,5.6230152115683545,-5.542664382181801
-0.8494773454010858,-0.9292734115911117,5.585908871115984,-5.506112804925958
-0.8438426822381464,-0.9230879930964875,5.549048980440464,-5.469803669582123
-0.8382458301870104,-0.9169443602013416,5.512433911969705,-5.4337353819553735
-0.8271645069694555,-0.9047812790686294,5.4399316182914355,-5.362314846192262
-0.8271754831101239,-0.9047812790686294,5.439920642150767,-5.362314846192262
-0.8274419262546786,-0.9049622846646344,5.43988124891597,-5.3623608905060145
-0.8269835148567095,-0.9046002869558833,5.4399316182914355,-5.362314846192262
-0.8162313141190934,-0.8927818641041085,5.368388932791451,-5.291838382806436
-0.8054442385347196,-0.880943860051957,5.297793039875575,-5.222293418358338
-0.8054442782842184,-0.8809438905018396,5.297793192280427,-5.222293580062805
-0.7948012902201206,-0.8692650413809133,5.2281312536061435,-5.153667502445351
-0.7948013336002315,-0.869265074913983,5.2281314182773,-5.153667676963549
-0.7745981646904907,-0.8470983859001535,5.095870228904364,-5.023370007694701
-0.7746091514850687,-0.8470983859001535,5.0958592421097855,-5.023370007694701
-0.7748755887778236,-0.8472793716418892,5.09581982982192,-5.023416046957855
-0.7744171915725415,-0.8469174127822043,5.095870228904364,-5.023370007694701
-0.774598342013717,-0.8470985236772322,5.095870921502993,-5.023370739839478
-0.7549141772455439,-0.8255047525335613,4.966975720716729,-4.896385145428711
-0.7357354724314903,-0.8044687594792777,4.84135995449207,-4.772626667444283
-0.7357353178028827,-0.8044686422613267,4.8413594527495825,-4.772626128291138
-0.7170486379324341,-0.7839754961878498,4.7189381594742335,-4.652011301218818
-0.7170485190048668,-0.7839754103429186,4.718937727452701,-4.652010836114649
-0.6988409713372796,-0.7640107492511561,4.599628641037128,-4.534458863123252
-0.6749122081836774,-0.7377773075018013,4.442789724223896,-4.379924624905772
-0.6749232152129814,-0.7377773075018013,4.442778717194592,-4.379924624905772
-0.6751896414509062,-0.737958255549529,4.442739268679471,-4.379970654580848
-0.6747312711294667,-0.7375963704475907,4.442789724223896,-4.379924624905772
-0.6518102044209053,-0.7124551174433691,4.291325969523555,-4.2306810565010915
-0.6295058657296408,-0.6880117996979607,4.1450512857651525,-4.086545351796833
-0.6295057982764911,-0.6880117572836753,4.145051114630579,-4.086545155623395
-0.6079711658663016,-0.6644161883832567,4.0037860507469025,-3.9473410282299475
-0.6079710822722504,-0.6644161345252542,4.003785806480291,-3.9473407542272874
-0.5871791168220271,-0.6416382749193872,3.867357125125327,-3.812897967027967
-0.5510388350364153,-0.6020553938537887,3.6301356009748353,-3.579119042157462
-0.5510498672663613,-0.6020553938537887,3.6301245687448893,-3.579119042157462
-0.5513162798446372,-0.6022362949920534,3.6300850750467006,-3.5791650598992844
-0.550857942868042,-0.6018745016854155,3.6301356009748353,-3.579119042157462
-0.5510385119391135,-0.6020551704000354,3.630134559080073,-3.579117900619151
-0.5171386985321913,-0.5649368631065954,3.407522872683632,-3.359724708109228
-0.5171384240319088,-0.5649366659713451,3.4075221556009296,-3.3597239136614934
-0.4853375433152518,-0.530126290896078,3.1986119333143215,-3.1538231857334953
-0.4853380033823118,-0.5301265970274471,3.1986130317504364,-3.153824438105301
-0.45550482172882667,-0.49747860408160705,3.00255550321625,-2.9605817208634697
-0.4275172545672011,-0.4668572614036748,2.818557612670524,-2.77921760583405
-0.401258857547385,-0.4381342986494019,2.645870565445889,-2.6089951243438723
-0.3677760530512031,-0.40151814139790076,2.425592176361686,-2.3918500880149884
-0.3677871226789242,-0.40151814139790076,2.425581106733965,-2.3918500880149884
-0.36805351521834867,-0.4016989729893794,2.425541545836527,-2.3918960880654963
-0.3675952274441996,-0.40133731579089726,2.425592176361686,-2.3918500880149884
-0.36777601334943766,-0.4015181008253421,2.4255917799408806,-2.391849692464976
-0.3370999387346303,-0.36798050188281195,2.2237000356944243,-2.1928194725462427
-0.33710033931906924,-0.3679806851846479,2.2237006383507385,-2.19282029248516
-0.308993674029312,-0.33725984500961204,2.0386528193287887,-2.0103866483484887
-0.308994331967404,-0.3372602094600552,2.0386543795363252,-2.010388502043674
-0.28324047760363213,-0.3091172346148596,1.8690394243480988,-1.8431626673368713
-0.2596415482756125,-0.28333409279184707,1.7135667657613247,-1.6898742212450901
-0.23801521639184697,-0.2597107395490639,1.5710507219704866,-1.5493551988132697
-0.21819567723159605,-0.23806479856830265,1.4404075758131538,-1.4205384544764472
-0.20003118463861155,-0.2182295078455354,1.320645263788613,-1.3024469405816892
-0.18338281454383076,-0.20005242442721283,1.2108550295169778,-1.1941854196335957
-0.1681233236434594,-0.18339402651236014,1.1102041915652805,-1.0949334886963797
-0.15413630918754384,-0.16812666313853697,1.0179298988480738,-1.0039395448970807
-0.14131526256775517,-0.15413355945156582,0.9333333921847071,-0.9205150953008965
-0.12956263145860192,-0.14130785105862742,0.8557745437193808,-0.8440293241193553
-0.1187890546460787,-0.12955171321664238,0.7846667856776897,-0.773904127107126
-0.1089127028530865,-0.11877557976049502,0.7194725610772821,-0.7096096841698736
